"ConflictId","ConflictType","ShareId","ItemId","Identity","ShareRights","NtfsRights","Severity","Message"
"59b5f878d7794e72a6315fb1880f4a5c","NtfsIdentityMissingShareGate","share-WINSERVER-SSEngineering","1d0ccf42b61a4d3f8a8ccd903207a0de","NT AUTHORITY\SYSTEM","","FullControl","High","NTFS grants rights to an identity that does not appear in the share-level permission gate."
"dd48c6344aab4221a6764043557c4e29","NtfsIdentityMissingShareGate","share-WINSERVER-SSEngineering","1d0ccf42b61a4d3f8a8ccd903207a0de","NT AUTHORITY\SYSTEM","","0x10000000","High","NTFS grants rights to an identity that does not appear in the share-level permission gate."
"d6a4c93763244524b510d7dc3ae082c9","NtfsIdentityMissingShareGate","share-WINSERVER-SSEngineering","1d0ccf42b61a4d3f8a8ccd903207a0de","NT AUTHORITY\Authenticated Users","","Modify, Synchronize","High","NTFS grants rights to an identity that does not appear in the share-level permission gate."
"505ef42f1f864e5984c3a15279a0b72a","NtfsIdentityMissingShareGate","share-WINSERVER-SSEngineering","1d0ccf42b61a4d3f8a8ccd903207a0de","NT AUTHORITY\Authenticated Users","","0xFFFFFFFFE0010000","High","NTFS grants rights to an identity that does not appear in the share-level permission gate."
"b1d8e723c5e844eb8d59a73695c070ca","NtfsIdentityMissingShareGate","share-WINSERVER-SSEngineering","1d0ccf42b61a4d3f8a8ccd903207a0de","BUILTIN\Users","","ReadAndExecute, Synchronize","High","NTFS grants rights to an identity that does not appear in the share-level permission gate."
"e993c43fe8ce4546be9b4d8f19fdb553","NtfsIdentityMissingShareGate","share-WINSERVER-SSEngineering","1d0ccf42b61a4d3f8a8ccd903207a0de","BUILTIN\Users","","0xFFFFFFFFA0000000","High","NTFS grants rights to an identity that does not appear in the share-level permission gate."
"b86ceb8216a94ee9ae43bfe4e5277ed6","NtfsIdentityMissingShareGate","share-WINSERVER-SSEngineering","c0aa815c70f2449f83c8d600a9250fd3","NT AUTHORITY\SYSTEM","","FullControl","High","NTFS grants rights to an identity that does not appear in the share-level permission gate."
"1cf1aab9aceb4e99846c5080b13e0d32","NtfsIdentityMissingShareGate","share-WINSERVER-SSEngineering","c0aa815c70f2449f83c8d600a9250fd3","NT AUTHORITY\SYSTEM","","0x10000000","High","NTFS grants rights to an identity that does not appear in the share-level permission gate."
"8183386390df4ee89ac79f3e5b3f2c2c","NtfsIdentityMissingShareGate","share-WINSERVER-SSEngineering","c0aa815c70f2449f83c8d600a9250fd3","NT AUTHORITY\Authenticated Users","","Modify, Synchronize","High","NTFS grants rights to an identity that does not appear in the share-level permission gate."
"06abe768898b4bf08c25066234a191f8","NtfsIdentityMissingShareGate","share-WINSERVER-SSEngineering","c0aa815c70f2449f83c8d600a9250fd3","NT AUTHORITY\Authenticated Users","","0xFFFFFFFFE0010000","High","NTFS grants rights to an identity that does not appear in the share-level permission gate."
"851ef498def541afb720f55ea91a5436","NtfsIdentityMissingShareGate","share-WINSERVER-SSEngineering","c0aa815c70f2449f83c8d600a9250fd3","BUILTIN\Users","","ReadAndExecute, Synchronize","High","NTFS grants rights to an identity that does not appear in the share-level permission gate."
"c9c6e93e03a045148a421d9cd3457111","NtfsIdentityMissingShareGate","share-WINSERVER-SSEngineering","c0aa815c70f2449f83c8d600a9250fd3","BUILTIN\Users","","0xFFFFFFFFA0000000","High","NTFS grants rights to an identity that does not appear in the share-level permission gate."
"4b072c2b74d2475a82b2847af68f5b26","NtfsIdentityMissingShareGate","share-WINSERVER-SSEngineering","1a19fc05d19941098fef2b00f158438b","NT AUTHORITY\SYSTEM","","FullControl","High","NTFS grants rights to an identity that does not appear in the share-level permission gate."
"880c07ce924a4c4ebfbbda0a027763bb","NtfsIdentityMissingShareGate","share-WINSERVER-SSEngineering","1a19fc05d19941098fef2b00f158438b","NT AUTHORITY\SYSTEM","","0x10000000","High","NTFS grants rights to an identity that does not appear in the share-level permission gate."
"02ecc5890d3c4410ac9bc6ec4971826f","NtfsIdentityMissingShareGate","share-WINSERVER-SSEngineering","1a19fc05d19941098fef2b00f158438b","NT AUTHORITY\Authenticated Users","","Modify, Synchronize","High","NTFS grants rights to an identity that does not appear in the share-level permission gate."
"16125ae6a67148e1a757b839ec4a2c6b","NtfsIdentityMissingShareGate","share-WINSERVER-SSEngineering","1a19fc05d19941098fef2b00f158438b","NT AUTHORITY\Authenticated Users","","0xFFFFFFFFE0010000","High","NTFS grants rights to an identity that does not appear in the share-level permission gate."
"914a06738cab4e51a7d36bc7756c9faf","NtfsIdentityMissingShareGate","share-WINSERVER-SSEngineering","1a19fc05d19941098fef2b00f158438b","BUILTIN\Users","","ReadAndExecute, Synchronize","High","NTFS grants rights to an identity that does not appear in the share-level permission gate."
"517740d305ac476bbb1dd3449df65f4c","NtfsIdentityMissingShareGate","share-WINSERVER-SSEngineering","1a19fc05d19941098fef2b00f158438b","BUILTIN\Users","","0xFFFFFFFFA0000000","High","NTFS grants rights to an identity that does not appear in the share-level permission gate."
"7a6cb8b1d37f4d4f934d6115433da045","NtfsIdentityMissingShareGate","share-WINSERVER-SSEngineering","a37ff4a73e2f4b079520bb27b47ca4db","NT AUTHORITY\SYSTEM","","FullControl","High","NTFS grants rights to an identity that does not appear in the share-level permission gate."
"a8f39fc04799463890fb1ae47792d4af","NtfsIdentityMissingShareGate","share-WINSERVER-SSEngineering","a37ff4a73e2f4b079520bb27b47ca4db","NT AUTHORITY\Authenticated Users","","Modify, Synchronize","High","NTFS grants rights to an identity that does not appear in the share-level permission gate."
"b7903886d4ee40f7960d714b86fc89cf","NtfsIdentityMissingShareGate","share-WINSERVER-SSEngineering","a37ff4a73e2f4b079520bb27b47ca4db","BUILTIN\Users","","ReadAndExecute, Synchronize","High","NTFS grants rights to an identity that does not appear in the share-level permission gate."
"5af71da7a4a04232826878a4dee28e20","NtfsIdentityMissingShareGate","share-WINSERVER-SSEngineering","2c75bae154bf4d53abe559bb1cde3388","NT AUTHORITY\SYSTEM","","FullControl","High","NTFS grants rights to an identity that does not appear in the share-level permission gate."
"2759b4467179497584e274fe95a0e7f4","NtfsIdentityMissingShareGate","share-WINSERVER-SSEngineering","2c75bae154bf4d53abe559bb1cde3388","NT AUTHORITY\Authenticated Users","","Modify, Synchronize","High","NTFS grants rights to an identity that does not appear in the share-level permission gate."
"8c3931104b1c4969b60f45aa83bc69a3","NtfsIdentityMissingShareGate","share-WINSERVER-SSEngineering","2c75bae154bf4d53abe559bb1cde3388","BUILTIN\Users","","ReadAndExecute, Synchronize","High","NTFS grants rights to an identity that does not appear in the share-level permission gate."
"fd6ed5c5d5d64505a59e76e4f646fb03","NtfsIdentityMissingShareGate","share-WINSERVER-SSEngineering","1de22b5f75114abe8f3f6ab4c95d6128","NT AUTHORITY\SYSTEM","","FullControl","High","NTFS grants rights to an identity that does not appear in the share-level permission gate."
"d710e24a96a84773807395053468c04a","NtfsIdentityMissingShareGate","share-WINSERVER-SSEngineering","1de22b5f75114abe8f3f6ab4c95d6128","NT AUTHORITY\Authenticated Users","","Modify, Synchronize","High","NTFS grants rights to an identity that does not appear in the share-level permission gate."
"36b4a4c709fa42e0bb53aec5c7152a8d","NtfsIdentityMissingShareGate","share-WINSERVER-SSEngineering","1de22b5f75114abe8f3f6ab4c95d6128","BUILTIN\Users","","ReadAndExecute, Synchronize","High","NTFS grants rights to an identity that does not appear in the share-level permission gate."
"586e53d7fa0b471c8e6b931c5d6da85a","NtfsIdentityMissingShareGate","share-WINSERVER-SSEngineering","ae548902fed640f2ad43019f848d4fc3","NT AUTHORITY\SYSTEM","","FullControl","High","NTFS grants rights to an identity that does not appear in the share-level permission gate."
"7a63c20775544a0296756b6f281684de","NtfsIdentityMissingShareGate","share-WINSERVER-SSEngineering","ae548902fed640f2ad43019f848d4fc3","NT AUTHORITY\Authenticated Users","","Modify, Synchronize","High","NTFS grants rights to an identity that does not appear in the share-level permission gate."
"3cd1bc6014574c099cb7f51d3a90e7de","NtfsIdentityMissingShareGate","share-WINSERVER-SSEngineering","ae548902fed640f2ad43019f848d4fc3","BUILTIN\Users","","ReadAndExecute, Synchronize","High","NTFS grants rights to an identity that does not appear in the share-level permission gate."
"c139cee1d4a8464596fbe5530c2dec01","NtfsIdentityMissingShareGate","share-WINSERVER-SSEngineering","7030440b396347b380c0ff194c905709","NT AUTHORITY\SYSTEM","","FullControl","High","NTFS grants rights to an identity that does not appear in the share-level permission gate."
"358e807355bd4fa2bec223e20068bf4f","NtfsIdentityMissingShareGate","share-WINSERVER-SSEngineering","7030440b396347b380c0ff194c905709","NT AUTHORITY\Authenticated Users","","Modify, Synchronize","High","NTFS grants rights to an identity that does not appear in the share-level permission gate."
"a6cb9ea638e94a7aa77ec6bda66f63ae","NtfsIdentityMissingShareGate","share-WINSERVER-SSEngineering","7030440b396347b380c0ff194c905709","BUILTIN\Users","","ReadAndExecute, Synchronize","High","NTFS grants rights to an identity that does not appear in the share-level permission gate."
"89d08142215b4dd9bf0ce9732428ad50","NtfsIdentityMissingShareGate","share-WINSERVER-SSEngineering","8a243447157b4275800562e7627bd0ce","NT AUTHORITY\SYSTEM","","FullControl","High","NTFS grants rights to an identity that does not appear in the share-level permission gate."
"46235ff3f149456b93672fe5fa928a32","NtfsIdentityMissingShareGate","share-WINSERVER-SSEngineering","8a243447157b4275800562e7627bd0ce","NT AUTHORITY\Authenticated Users","","Modify, Synchronize","High","NTFS grants rights to an identity that does not appear in the share-level permission gate."
"745dede5b59e4d14994aef475624a477","NtfsIdentityMissingShareGate","share-WINSERVER-SSEngineering","8a243447157b4275800562e7627bd0ce","BUILTIN\Users","","ReadAndExecute, Synchronize","High","NTFS grants rights to an identity that does not appear in the share-level permission gate."
"8e32f7475090458798e4080f04e3c7bf","NtfsIdentityMissingShareGate","share-WINSERVER-SSEngineering","1fc5eb94c7a440d5a0a3a8df22958e23","NT AUTHORITY\SYSTEM","","FullControl","High","NTFS grants rights to an identity that does not appear in the share-level permission gate."
"0aee00f00ae04e4fbb069d225982ad98","NtfsIdentityMissingShareGate","share-WINSERVER-SSEngineering","1fc5eb94c7a440d5a0a3a8df22958e23","NT AUTHORITY\Authenticated Users","","Modify, Synchronize","High","NTFS grants rights to an identity that does not appear in the share-level permission gate."
"a31ae3207b1a470e99e3e00bda5a9078","NtfsIdentityMissingShareGate","share-WINSERVER-SSEngineering","1fc5eb94c7a440d5a0a3a8df22958e23","BUILTIN\Users","","ReadAndExecute, Synchronize","High","NTFS grants rights to an identity that does not appear in the share-level permission gate."
"9794560c9cc443fa98a9dcbac5cf4dbf","NtfsIdentityMissingShareGate","share-WINSERVER-SSEngineering","fd790d6c2ee34353baf60d9405a2a946","NT AUTHORITY\SYSTEM","","FullControl","High","NTFS grants rights to an identity that does not appear in the share-level permission gate."
"dd4dcb0be10244fa9661ea3c487598ca","NtfsIdentityMissingShareGate","share-WINSERVER-SSEngineering","fd790d6c2ee34353baf60d9405a2a946","NT AUTHORITY\Authenticated Users","","Modify, Synchronize","High","NTFS grants rights to an identity that does not appear in the share-level permission gate."
"015bb1e3c0bb42a0b4b7a9f6f37e3fd3","NtfsIdentityMissingShareGate","share-WINSERVER-SSEngineering","fd790d6c2ee34353baf60d9405a2a946","BUILTIN\Users","","ReadAndExecute, Synchronize","High","NTFS grants rights to an identity that does not appear in the share-level permission gate."
"88e9bffad8e047d0ab89e2c22ca4bf75","NtfsIdentityMissingShareGate","share-WINSERVER-SSEngineering","44ab3ba7809e48738f92009c0da71989","NT AUTHORITY\SYSTEM","","FullControl","High","NTFS grants rights to an identity that does not appear in the share-level permission gate."
"908e4712415e46b68560a083c9627de2","NtfsIdentityMissingShareGate","share-WINSERVER-SSEngineering","44ab3ba7809e48738f92009c0da71989","NT AUTHORITY\Authenticated Users","","Modify, Synchronize","High","NTFS grants rights to an identity that does not appear in the share-level permission gate."
"e5e53ea466d3414d8410c4bff17c2c24","NtfsIdentityMissingShareGate","share-WINSERVER-SSEngineering","44ab3ba7809e48738f92009c0da71989","BUILTIN\Users","","ReadAndExecute, Synchronize","High","NTFS grants rights to an identity that does not appear in the share-level permission gate."
"84dd2f273ff048bd9a78435030a6ee9e","NtfsIdentityMissingShareGate","share-WINSERVER-SSEnt0001","75c3878320644210b30001fbe727e855","NT AUTHORITY\SYSTEM","","FullControl","High","NTFS grants rights to an identity that does not appear in the share-level permission gate."
"8509fecd72fd4d03a81f98d0bfb70b0e","NtfsIdentityMissingShareGate","share-WINSERVER-SSEnt0001","75c3878320644210b30001fbe727e855","NT AUTHORITY\SYSTEM","","0x10000000","High","NTFS grants rights to an identity that does not appear in the share-level permission gate."
"b3374a55a6b84ad8b5df4a8e1ae9cfef","NtfsIdentityMissingShareGate","share-WINSERVER-SSEnt0001","75c3878320644210b30001fbe727e855","NT AUTHORITY\Authenticated Users","","Modify, Synchronize","High","NTFS grants rights to an identity that does not appear in the share-level permission gate."
"2373038cbc014fff813656013b507719","NtfsIdentityMissingShareGate","share-WINSERVER-SSEnt0001","75c3878320644210b30001fbe727e855","NT AUTHORITY\Authenticated Users","","0xFFFFFFFFE0010000","High","NTFS grants rights to an identity that does not appear in the share-level permission gate."
"49fc6d551e204b76bd07031db72bcca1","NtfsIdentityMissingShareGate","share-WINSERVER-SSEnt0001","75c3878320644210b30001fbe727e855","BUILTIN\Users","","ReadAndExecute, Synchronize","High","NTFS grants rights to an identity that does not appear in the share-level permission gate."
"3ee060d84dc94bc9a2ea9ff99a25331a","NtfsIdentityMissingShareGate","share-WINSERVER-SSEnt0001","75c3878320644210b30001fbe727e855","BUILTIN\Users","","0xFFFFFFFFA0000000","High","NTFS grants rights to an identity that does not appear in the share-level permission gate."
"4af3cee25d9e4afebca166180c989756","NtfsIdentityMissingShareGate","share-WINSERVER-SSEnt0001","98a26998baf84a9fb8afd0a5d4f8a19b","NT AUTHORITY\SYSTEM","","FullControl","High","NTFS grants rights to an identity that does not appear in the share-level permission gate."
"d4995fbacecf49f28ffa430228acf8b0","NtfsIdentityMissingShareGate","share-WINSERVER-SSEnt0001","98a26998baf84a9fb8afd0a5d4f8a19b","NT AUTHORITY\SYSTEM","","0x10000000","High","NTFS grants rights to an identity that does not appear in the share-level permission gate."
"d9f900b61b9b4eafa7c21593d0449b3c","NtfsIdentityMissingShareGate","share-WINSERVER-SSEnt0001","98a26998baf84a9fb8afd0a5d4f8a19b","NT AUTHORITY\Authenticated Users","","Modify, Synchronize","High","NTFS grants rights to an identity that does not appear in the share-level permission gate."
"04621b1fa0fb4c218ba54c14c5dc665d","NtfsIdentityMissingShareGate","share-WINSERVER-SSEnt0001","98a26998baf84a9fb8afd0a5d4f8a19b","NT AUTHORITY\Authenticated Users","","0xFFFFFFFFE0010000","High","NTFS grants rights to an identity that does not appear in the share-level permission gate."
"caf85c692f8b4e3b99d366586342371c","NtfsIdentityMissingShareGate","share-WINSERVER-SSEnt0001","98a26998baf84a9fb8afd0a5d4f8a19b","BUILTIN\Users","","ReadAndExecute, Synchronize","High","NTFS grants rights to an identity that does not appear in the share-level permission gate."
"485cf19108a04aeaafb322f6e096c6f0","NtfsIdentityMissingShareGate","share-WINSERVER-SSEnt0001","98a26998baf84a9fb8afd0a5d4f8a19b","BUILTIN\Users","","0xFFFFFFFFA0000000","High","NTFS grants rights to an identity that does not appear in the share-level permission gate."
"ac177559196643aba8b9fb37cd87001f","NtfsIdentityMissingShareGate","share-WINSERVER-SSEnt0001","de94f10027f944e6b9fca6d7e38162af","NT AUTHORITY\SYSTEM","","FullControl","High","NTFS grants rights to an identity that does not appear in the share-level permission gate."
"c7b371f06fdb40ffb9a07cefba46987d","NtfsIdentityMissingShareGate","share-WINSERVER-SSEnt0001","de94f10027f944e6b9fca6d7e38162af","NT AUTHORITY\SYSTEM","","0x10000000","High","NTFS grants rights to an identity that does not appear in the share-level permission gate."
"52436b82eec843f6968079df17f67b4b","NtfsIdentityMissingShareGate","share-WINSERVER-SSEnt0001","de94f10027f944e6b9fca6d7e38162af","NT AUTHORITY\Authenticated Users","","Modify, Synchronize","High","NTFS grants rights to an identity that does not appear in the share-level permission gate."
"710672999bf846d0b885a9eb3672d0ee","NtfsIdentityMissingShareGate","share-WINSERVER-SSEnt0001","de94f10027f944e6b9fca6d7e38162af","NT AUTHORITY\Authenticated Users","","0xFFFFFFFFE0010000","High","NTFS grants rights to an identity that does not appear in the share-level permission gate."
"f69234c441714c22a70db80b2b7ea02b","NtfsIdentityMissingShareGate","share-WINSERVER-SSEnt0001","de94f10027f944e6b9fca6d7e38162af","BUILTIN\Users","","ReadAndExecute, Synchronize","High","NTFS grants rights to an identity that does not appear in the share-level permission gate."
"b3539831d77d4827b980d19fa19846e8","NtfsIdentityMissingShareGate","share-WINSERVER-SSEnt0001","de94f10027f944e6b9fca6d7e38162af","BUILTIN\Users","","0xFFFFFFFFA0000000","High","NTFS grants rights to an identity that does not appear in the share-level permission gate."
"e665c2dc434b4807a16f6b175fbe83a5","NtfsIdentityMissingShareGate","share-WINSERVER-SSEnt0001","6b0f535720ec4414ba65a6d0c08da5d7","NT AUTHORITY\SYSTEM","","FullControl","High","NTFS grants rights to an identity that does not appear in the share-level permission gate."
"e5b2c43261514b77a4eb283e1eeaab07","NtfsIdentityMissingShareGate","share-WINSERVER-SSEnt0001","6b0f535720ec4414ba65a6d0c08da5d7","NT AUTHORITY\SYSTEM","","0x10000000","High","NTFS grants rights to an identity that does not appear in the share-level permission gate."
"5e3b79901a424d5abb24f00318045fb8","NtfsIdentityMissingShareGate","share-WINSERVER-SSEnt0001","6b0f535720ec4414ba65a6d0c08da5d7","NT AUTHORITY\Authenticated Users","","Modify, Synchronize","High","NTFS grants rights to an identity that does not appear in the share-level permission gate."
"4f33e7c0373a43b990d6490e1ccab2da","NtfsIdentityMissingShareGate","share-WINSERVER-SSEnt0001","6b0f535720ec4414ba65a6d0c08da5d7","NT AUTHORITY\Authenticated Users","","0xFFFFFFFFE0010000","High","NTFS grants rights to an identity that does not appear in the share-level permission gate."
"8a36d8094f2a4251812aceec517553a9","NtfsIdentityMissingShareGate","share-WINSERVER-SSEnt0001","6b0f535720ec4414ba65a6d0c08da5d7","BUILTIN\Users","","ReadAndExecute, Synchronize","High","NTFS grants rights to an identity that does not appear in the share-level permission gate."
"782b335a8785431294bbe07c94cf6877","NtfsIdentityMissingShareGate","share-WINSERVER-SSEnt0001","6b0f535720ec4414ba65a6d0c08da5d7","BUILTIN\Users","","0xFFFFFFFFA0000000","High","NTFS grants rights to an identity that does not appear in the share-level permission gate."
"d419f9ab8e1b48c6a18355543ad0fb92","NtfsIdentityMissingShareGate","share-WINSERVER-SSEnt0001","af25c0ef41c84f46b5171496635c538b","NT AUTHORITY\SYSTEM","","FullControl","High","NTFS grants rights to an identity that does not appear in the share-level permission gate."
"78b2d24ace7348fc9a7131779dfbd900","NtfsIdentityMissingShareGate","share-WINSERVER-SSEnt0001","af25c0ef41c84f46b5171496635c538b","NT AUTHORITY\SYSTEM","","0x10000000","High","NTFS grants rights to an identity that does not appear in the share-level permission gate."
"05fa2c6478f64343be7f781f7b477fde","NtfsIdentityMissingShareGate","share-WINSERVER-SSEnt0001","af25c0ef41c84f46b5171496635c538b","NT AUTHORITY\Authenticated Users","","Modify, Synchronize","High","NTFS grants rights to an identity that does not appear in the share-level permission gate."
"91926a86fa404088a3d51104d6ff976e","NtfsIdentityMissingShareGate","share-WINSERVER-SSEnt0001","af25c0ef41c84f46b5171496635c538b","NT AUTHORITY\Authenticated Users","","0xFFFFFFFFE0010000","High","NTFS grants rights to an identity that does not appear in the share-level permission gate."
"e9a56f17ec4543d89cf62d1619abce0a","NtfsIdentityMissingShareGate","share-WINSERVER-SSEnt0001","af25c0ef41c84f46b5171496635c538b","BUILTIN\Users","","ReadAndExecute, Synchronize","High","NTFS grants rights to an identity that does not appear in the share-level permission gate."
"9257f10ed0c2479d9fe49cccab8b509f","NtfsIdentityMissingShareGate","share-WINSERVER-SSEnt0001","af25c0ef41c84f46b5171496635c538b","BUILTIN\Users","","0xFFFFFFFFA0000000","High","NTFS grants rights to an identity that does not appear in the share-level permission gate."
"43ffca0348b9409d96d822cc4dec207f","NtfsIdentityMissingShareGate","share-WINSERVER-SSEnt0001","27301720f19643f48de7cafbffeeece5","LAB\SS-ENT-0001-Editors","","Modify, Synchronize","High","NTFS grants rights to an identity that does not appear in the share-level permission gate."
"308a3db61bbc419a91f6840c0c44263e","NtfsIdentityMissingShareGate","share-WINSERVER-SSEnt0001","27301720f19643f48de7cafbffeeece5","NT AUTHORITY\SYSTEM","","FullControl","High","NTFS grants rights to an identity that does not appear in the share-level permission gate."
"442e61ac1e0948f58a6285d1b4e4ffe7","NtfsIdentityMissingShareGate","share-WINSERVER-SSEnt0001","27301720f19643f48de7cafbffeeece5","NT AUTHORITY\SYSTEM","","0x10000000","High","NTFS grants rights to an identity that does not appear in the share-level permission gate."
"71f1fd3627aa49b083eae409c4ece44e","NtfsIdentityMissingShareGate","share-WINSERVER-SSEnt0001","27301720f19643f48de7cafbffeeece5","NT AUTHORITY\Authenticated Users","","Modify, Synchronize","High","NTFS grants rights to an identity that does not appear in the share-level permission gate."
"27818ffacc20490480960834c4c28e90","NtfsIdentityMissingShareGate","share-WINSERVER-SSEnt0001","27301720f19643f48de7cafbffeeece5","NT AUTHORITY\Authenticated Users","","0xFFFFFFFFE0010000","High","NTFS grants rights to an identity that does not appear in the share-level permission gate."
"f1e84f8c39e24bcca04b02e8d8e3d051","NtfsIdentityMissingShareGate","share-WINSERVER-SSEnt0001","27301720f19643f48de7cafbffeeece5","BUILTIN\Users","","ReadAndExecute, Synchronize","High","NTFS grants rights to an identity that does not appear in the share-level permission gate."
"265881c7033c4c9fa4809df499ccfa60","NtfsIdentityMissingShareGate","share-WINSERVER-SSEnt0001","27301720f19643f48de7cafbffeeece5","BUILTIN\Users","","0xFFFFFFFFA0000000","High","NTFS grants rights to an identity that does not appear in the share-level permission gate."
"520918ff809c4776a5d8e035f765e263","NtfsIdentityMissingShareGate","share-WINSERVER-SSEnt0001","6af867cd497748d49616149c52ae41a5","LAB\SS-ENT-0001-Editors","","Modify, Synchronize","High","NTFS grants rights to an identity that does not appear in the share-level permission gate."
"aeaa3d61d368464fbb3dad7186f84c4b","NtfsIdentityMissingShareGate","share-WINSERVER-SSEnt0001","6af867cd497748d49616149c52ae41a5","NT AUTHORITY\SYSTEM","","FullControl","High","NTFS grants rights to an identity that does not appear in the share-level permission gate."
"8a0d9f6f251040f4ac3032b604882b53","NtfsIdentityMissingShareGate","share-WINSERVER-SSEnt0001","6af867cd497748d49616149c52ae41a5","NT AUTHORITY\SYSTEM","","0x10000000","High","NTFS grants rights to an identity that does not appear in the share-level permission gate."
"ea43b0a92fa34c25ab164f4d8b26572c","NtfsIdentityMissingShareGate","share-WINSERVER-SSEnt0001","6af867cd497748d49616149c52ae41a5","NT AUTHORITY\Authenticated Users","","Modify, Synchronize","High","NTFS grants rights to an identity that does not appear in the share-level permission gate."
"2de37798fc524040be219f1705ba0946","NtfsIdentityMissingShareGate","share-WINSERVER-SSEnt0001","6af867cd497748d49616149c52ae41a5","NT AUTHORITY\Authenticated Users","","0xFFFFFFFFE0010000","High","NTFS grants rights to an identity that does not appear in the share-level permission gate."
"2d928b7d97a44d26b536cdf274afa3ce","NtfsIdentityMissingShareGate","share-WINSERVER-SSEnt0001","6af867cd497748d49616149c52ae41a5","BUILTIN\Users","","ReadAndExecute, Synchronize","High","NTFS grants rights to an identity that does not appear in the share-level permission gate."
"86597ba87de044b6866196729f9bedc2","NtfsIdentityMissingShareGate","share-WINSERVER-SSEnt0001","6af867cd497748d49616149c52ae41a5","BUILTIN\Users","","0xFFFFFFFFA0000000","High","NTFS grants rights to an identity that does not appear in the share-level permission gate."
"e6d78307e26b4b6986c20d07d709b431","NtfsIdentityMissingShareGate","share-WINSERVER-SSEnt0001","132d45acf986433397b9399c8f342dc2","LAB\SS-ENT-0001-Editors","","Modify, Synchronize","High","NTFS grants rights to an identity that does not appear in the share-level permission gate."
"0d4913e6d33c4032a50efa83dcbc6202","NtfsIdentityMissingShareGate","share-WINSERVER-SSEnt0001","132d45acf986433397b9399c8f342dc2","NT AUTHORITY\SYSTEM","","FullControl","High","NTFS grants rights to an identity that does not appear in the share-level permission gate."
"6aec5347121345fda36f2f41f10b71c1","NtfsIdentityMissingShareGate","share-WINSERVER-SSEnt0001","132d45acf986433397b9399c8f342dc2","NT AUTHORITY\SYSTEM","","0x10000000","High","NTFS grants rights to an identity that does not appear in the share-level permission gate."
"52b7012681bd47a9972c0f2c0bf16443","NtfsIdentityMissingShareGate","share-WINSERVER-SSEnt0001","132d45acf986433397b9399c8f342dc2","NT AUTHORITY\Authenticated Users","","Modify, Synchronize","High","NTFS grants rights to an identity that does not appear in the share-level permission gate."
"9150db8dacc541bb9a34f47a18459312","NtfsIdentityMissingShareGate","share-WINSERVER-SSEnt0001","132d45acf986433397b9399c8f342dc2","NT AUTHORITY\Authenticated Users","","0xFFFFFFFFE0010000","High","NTFS grants rights to an identity that does not appear in the share-level permission gate."
"58d495e4c8244979ba0040afed409ca1","NtfsIdentityMissingShareGate","share-WINSERVER-SSEnt0001","132d45acf986433397b9399c8f342dc2","BUILTIN\Users","","ReadAndExecute, Synchronize","High","NTFS grants rights to an identity that does not appear in the share-level permission gate."
"70eca4e1eae5488e9ee4bcd7794bed3e","NtfsIdentityMissingShareGate","share-WINSERVER-SSEnt0001","132d45acf986433397b9399c8f342dc2","BUILTIN\Users","","0xFFFFFFFFA0000000","High","NTFS grants rights to an identity that does not appear in the share-level permission gate."
"2daba3a476ce4fa098260e4b46791a95","NtfsIdentityMissingShareGate","share-WINSERVER-SSEnt0001","b770925e4a274c71ac5453b6d28b3707","LAB\SS-ENT-0001-Editors","","Modify, Synchronize","High","NTFS grants rights to an identity that does not appear in the share-level permission gate."
"b03575206da248948f3f9946e79303b0","NtfsIdentityMissingShareGate","share-WINSERVER-SSEnt0001","b770925e4a274c71ac5453b6d28b3707","NT AUTHORITY\SYSTEM","","FullControl","High","NTFS grants rights to an identity that does not appear in the share-level permission gate."
"5fee196c1ca94d9ca55e37740480f401","NtfsIdentityMissingShareGate","share-WINSERVER-SSEnt0001","b770925e4a274c71ac5453b6d28b3707","NT AUTHORITY\SYSTEM","","0x10000000","High","NTFS grants rights to an identity that does not appear in the share-level permission gate."
"4ffc48d131d34ba19e6ae55ab1082cf1","NtfsIdentityMissingShareGate","share-WINSERVER-SSEnt0001","b770925e4a274c71ac5453b6d28b3707","NT AUTHORITY\Authenticated Users","","Modify, Synchronize","High","NTFS grants rights to an identity that does not appear in the share-level permission gate."
"ad11b95d8b314812929a59f981479516","NtfsIdentityMissingShareGate","share-WINSERVER-SSEnt0001","b770925e4a274c71ac5453b6d28b3707","NT AUTHORITY\Authenticated Users","","0xFFFFFFFFE0010000","High","NTFS grants rights to an identity that does not appear in the share-level permission gate."
"c51ada4f623b46aba6da9e78296b4af3","NtfsIdentityMissingShareGate","share-WINSERVER-SSEnt0001","b770925e4a274c71ac5453b6d28b3707","BUILTIN\Users","","ReadAndExecute, Synchronize","High","NTFS grants rights to an identity that does not appear in the share-level permission gate."
"1cc82a3826a349abab7c5ec6cc11989e","NtfsIdentityMissingShareGate","share-WINSERVER-SSEnt0001","b770925e4a274c71ac5453b6d28b3707","BUILTIN\Users","","0xFFFFFFFFA0000000","High","NTFS grants rights to an identity that does not appear in the share-level permission gate."
"928cc116fdc34f59ab0043800053e6ef","NtfsIdentityMissingShareGate","share-WINSERVER-SSEnt0001","0f342bf5ea094a3cac756d481e2445a0","LAB\SS-ENT-0001-Editors","","Modify, Synchronize","High","NTFS grants rights to an identity that does not appear in the share-level permission gate."
"49cec2de8e264bd18cc139d5fa5f3b6c","NtfsIdentityMissingShareGate","share-WINSERVER-SSEnt0001","0f342bf5ea094a3cac756d481e2445a0","NT AUTHORITY\SYSTEM","","FullControl","High","NTFS grants rights to an identity that does not appear in the share-level permission gate."
"881fc719d18c468b8818dc4061e971c7","NtfsIdentityMissingShareGate","share-WINSERVER-SSEnt0001","0f342bf5ea094a3cac756d481e2445a0","NT AUTHORITY\SYSTEM","","0x10000000","High","NTFS grants rights to an identity that does not appear in the share-level permission gate."
"0a14c570dfad4f9080c3f0e2d632e94b","NtfsIdentityMissingShareGate","share-WINSERVER-SSEnt0001","0f342bf5ea094a3cac756d481e2445a0","NT AUTHORITY\Authenticated Users","","Modify, Synchronize","High","NTFS grants rights to an identity that does not appear in the share-level permission gate."
"e2a0beec875246ad83d15f3761cb2eb0","NtfsIdentityMissingShareGate","share-WINSERVER-SSEnt0001","0f342bf5ea094a3cac756d481e2445a0","NT AUTHORITY\Authenticated Users","","0xFFFFFFFFE0010000","High","NTFS grants rights to an identity that does not appear in the share-level permission gate."
"cf826379e18b405ab45d5c20f11bd3de","NtfsIdentityMissingShareGate","share-WINSERVER-SSEnt0001","0f342bf5ea094a3cac756d481e2445a0","BUILTIN\Users","","ReadAndExecute, Synchronize","High","NTFS grants rights to an identity that does not appear in the share-level permission gate."
"7062279669344fe6b6bfb21c1c592960","NtfsIdentityMissingShareGate","share-WINSERVER-SSEnt0001","0f342bf5ea094a3cac756d481e2445a0","BUILTIN\Users","","0xFFFFFFFFA0000000","High","NTFS grants rights to an identity that does not appear in the share-level permission gate."
"1be6486846214f628fd1a4fe8c0dc4dc","NtfsIdentityMissingShareGate","share-WINSERVER-SSEnt0001","c97adcec1db648ffa76a407fda141c32","LAB\SS-ENT-0001-Editors","","Modify, Synchronize","High","NTFS grants rights to an identity that does not appear in the share-level permission gate."
"6433ff8151f745ad8bcb08d3ba50cef8","NtfsIdentityMissingShareGate","share-WINSERVER-SSEnt0001","c97adcec1db648ffa76a407fda141c32","NT AUTHORITY\SYSTEM","","FullControl","High","NTFS grants rights to an identity that does not appear in the share-level permission gate."
"cd43e9408e8c41e981443338802345b3","NtfsIdentityMissingShareGate","share-WINSERVER-SSEnt0001","c97adcec1db648ffa76a407fda141c32","NT AUTHORITY\SYSTEM","","0x10000000","High","NTFS grants rights to an identity that does not appear in the share-level permission gate."
"aff047dfb27448e0b514a931f161f3e5","NtfsIdentityMissingShareGate","share-WINSERVER-SSEnt0001","c97adcec1db648ffa76a407fda141c32","NT AUTHORITY\Authenticated Users","","Modify, Synchronize","High","NTFS grants rights to an identity that does not appear in the share-level permission gate."
"e9be31a152a64bd99721806184982fa4","NtfsIdentityMissingShareGate","share-WINSERVER-SSEnt0001","c97adcec1db648ffa76a407fda141c32","NT AUTHORITY\Authenticated Users","","0xFFFFFFFFE0010000","High","NTFS grants rights to an identity that does not appear in the share-level permission gate."
"0a8f1fb61a964913b4275d807e3d2c22","NtfsIdentityMissingShareGate","share-WINSERVER-SSEnt0001","c97adcec1db648ffa76a407fda141c32","BUILTIN\Users","","ReadAndExecute, Synchronize","High","NTFS grants rights to an identity that does not appear in the share-level permission gate."
"8a3990cd1ca64b37b0545f641d1f488a","NtfsIdentityMissingShareGate","share-WINSERVER-SSEnt0001","c97adcec1db648ffa76a407fda141c32","BUILTIN\Users","","0xFFFFFFFFA0000000","High","NTFS grants rights to an identity that does not appear in the share-level permission gate."
"f1fcac5a11c84bb8958aaac23e6582db","NtfsIdentityMissingShareGate","share-WINSERVER-SSEnt0001","e53dcafed8204bd39a04795bbb775baf","LAB\SS-ENT-0001-Editors","","Modify, Synchronize","High","NTFS grants rights to an identity that does not appear in the share-level permission gate."
"671537c031dd4985b7592e9172eda0d5","NtfsIdentityMissingShareGate","share-WINSERVER-SSEnt0001","e53dcafed8204bd39a04795bbb775baf","NT AUTHORITY\SYSTEM","","FullControl","High","NTFS grants rights to an identity that does not appear in the share-level permission gate."
"df8e8c66e62045598d3c8dafcfaa5f03","NtfsIdentityMissingShareGate","share-WINSERVER-SSEnt0001","e53dcafed8204bd39a04795bbb775baf","NT AUTHORITY\SYSTEM","","0x10000000","High","NTFS grants rights to an identity that does not appear in the share-level permission gate."
"a9f2021b45a74b4c8fb5efd15ae6d218","NtfsIdentityMissingShareGate","share-WINSERVER-SSEnt0001","e53dcafed8204bd39a04795bbb775baf","NT AUTHORITY\Authenticated Users","","Modify, Synchronize","High","NTFS grants rights to an identity that does not appear in the share-level permission gate."
"cb4caf69851c4185ba826d1c19a2e86b","NtfsIdentityMissingShareGate","share-WINSERVER-SSEnt0001","e53dcafed8204bd39a04795bbb775baf","NT AUTHORITY\Authenticated Users","","0xFFFFFFFFE0010000","High","NTFS grants rights to an identity that does not appear in the share-level permission gate."
"091caf91f0e04b8f9dd20b3ff6c06c81","NtfsIdentityMissingShareGate","share-WINSERVER-SSEnt0001","e53dcafed8204bd39a04795bbb775baf","BUILTIN\Users","","ReadAndExecute, Synchronize","High","NTFS grants rights to an identity that does not appear in the share-level permission gate."
"e9069fd7fe1e4606a9045ca323a983a0","NtfsIdentityMissingShareGate","share-WINSERVER-SSEnt0001","e53dcafed8204bd39a04795bbb775baf","BUILTIN\Users","","0xFFFFFFFFA0000000","High","NTFS grants rights to an identity that does not appear in the share-level permission gate."
"3e96fd31f21e4d70832dfd2a814321a8","NtfsIdentityMissingShareGate","share-WINSERVER-SSEnt0001","65b228838d044309af4a59411425a6f1","LAB\SS-ENT-0001-Editors","","Modify, Synchronize","High","NTFS grants rights to an identity that does not appear in the share-level permission gate."
"aebeac5d2bad4158b7efed5e97eea0f4","NtfsIdentityMissingShareGate","share-WINSERVER-SSEnt0001","65b228838d044309af4a59411425a6f1","NT AUTHORITY\SYSTEM","","FullControl","High","NTFS grants rights to an identity that does not appear in the share-level permission gate."
"731752bb24b84b63ac549eb8ac6e1a39","NtfsIdentityMissingShareGate","share-WINSERVER-SSEnt0001","65b228838d044309af4a59411425a6f1","NT AUTHORITY\SYSTEM","","0x10000000","High","NTFS grants rights to an identity that does not appear in the share-level permission gate."
"05d50b508484439cb48f4a9ad7ba26e8","NtfsIdentityMissingShareGate","share-WINSERVER-SSEnt0001","65b228838d044309af4a59411425a6f1","NT AUTHORITY\Authenticated Users","","Modify, Synchronize","High","NTFS grants rights to an identity that does not appear in the share-level permission gate."
"91b5278989b54d719c9f1ba5aea61380","NtfsIdentityMissingShareGate","share-WINSERVER-SSEnt0001","65b228838d044309af4a59411425a6f1","NT AUTHORITY\Authenticated Users","","0xFFFFFFFFE0010000","High","NTFS grants rights to an identity that does not appear in the share-level permission gate."
"27ec941671f24959bad68e118ea2d5ae","NtfsIdentityMissingShareGate","share-WINSERVER-SSEnt0001","65b228838d044309af4a59411425a6f1","BUILTIN\Users","","ReadAndExecute, Synchronize","High","NTFS grants rights to an identity that does not appear in the share-level permission gate."
"f80ac468b96346329c21fe574ab0f201","NtfsIdentityMissingShareGate","share-WINSERVER-SSEnt0001","65b228838d044309af4a59411425a6f1","BUILTIN\Users","","0xFFFFFFFFA0000000","High","NTFS grants rights to an identity that does not appear in the share-level permission gate."
"8f42d1aeda6440a090eab2a73b74be63","NtfsIdentityMissingShareGate","share-WINSERVER-SSEnt0001","755eadea1ddd45d7ba4217dec591ce88","LAB\SS-ENT-0001-Editors","","Modify, Synchronize","High","NTFS grants rights to an identity that does not appear in the share-level permission gate."
"8113ab9196ad4e548327e7bba7d346a0","NtfsIdentityMissingShareGate","share-WINSERVER-SSEnt0001","755eadea1ddd45d7ba4217dec591ce88","NT AUTHORITY\SYSTEM","","FullControl","High","NTFS grants rights to an identity that does not appear in the share-level permission gate."
"714c05812f184ef59360897608e49136","NtfsIdentityMissingShareGate","share-WINSERVER-SSEnt0001","755eadea1ddd45d7ba4217dec591ce88","NT AUTHORITY\SYSTEM","","0x10000000","High","NTFS grants rights to an identity that does not appear in the share-level permission gate."
"8c18d0eb0090429b99f97a49fd229318","NtfsIdentityMissingShareGate","share-WINSERVER-SSEnt0001","755eadea1ddd45d7ba4217dec591ce88","NT AUTHORITY\Authenticated Users","","Modify, Synchronize","High","NTFS grants rights to an identity that does not appear in the share-level permission gate."
"fe51cbdc4f5046efa705fcf7bdb4b2ef","NtfsIdentityMissingShareGate","share-WINSERVER-SSEnt0001","755eadea1ddd45d7ba4217dec591ce88","NT AUTHORITY\Authenticated Users","","0xFFFFFFFFE0010000","High","NTFS grants rights to an identity that does not appear in the share-level permission gate."
"e1fa27f0fd31414e8ced9e6f72dbc4b6","NtfsIdentityMissingShareGate","share-WINSERVER-SSEnt0001","755eadea1ddd45d7ba4217dec591ce88","BUILTIN\Users","","ReadAndExecute, Synchronize","High","NTFS grants rights to an identity that does not appear in the share-level permission gate."
"86dc75080ff74beea91f80ee248d9766","NtfsIdentityMissingShareGate","share-WINSERVER-SSEnt0001","755eadea1ddd45d7ba4217dec591ce88","BUILTIN\Users","","0xFFFFFFFFA0000000","High","NTFS grants rights to an identity that does not appear in the share-level permission gate."
"88e2338b521d400bbd22ade548897a61","NtfsIdentityMissingShareGate","share-WINSERVER-SSEnt0001","37bc3a475720485d9ceeecd5cb9736cd","LAB\SS-ENT-0001-Editors","","Modify, Synchronize","High","NTFS grants rights to an identity that does not appear in the share-level permission gate."
"c6d9e8f8acc745a59b24570510b708e1","NtfsIdentityMissingShareGate","share-WINSERVER-SSEnt0001","37bc3a475720485d9ceeecd5cb9736cd","NT AUTHORITY\SYSTEM","","FullControl","High","NTFS grants rights to an identity that does not appear in the share-level permission gate."
"f6e19b8e6c8f475a9087972c4a9b80b7","NtfsIdentityMissingShareGate","share-WINSERVER-SSEnt0001","37bc3a475720485d9ceeecd5cb9736cd","NT AUTHORITY\SYSTEM","","0x10000000","High","NTFS grants rights to an identity that does not appear in the share-level permission gate."
"6c8c76002fb4487c876157eac1c9cfa2","NtfsIdentityMissingShareGate","share-WINSERVER-SSEnt0001","37bc3a475720485d9ceeecd5cb9736cd","NT AUTHORITY\Authenticated Users","","Modify, Synchronize","High","NTFS grants rights to an identity that does not appear in the share-level permission gate."
"b8ff08539a3d431cbd358db06df4bfe1","NtfsIdentityMissingShareGate","share-WINSERVER-SSEnt0001","37bc3a475720485d9ceeecd5cb9736cd","NT AUTHORITY\Authenticated Users","","0xFFFFFFFFE0010000","High","NTFS grants rights to an identity that does not appear in the share-level permission gate."
"5b9327b1e13c4350805398978378ddcb","NtfsIdentityMissingShareGate","share-WINSERVER-SSEnt0001","37bc3a475720485d9ceeecd5cb9736cd","BUILTIN\Users","","ReadAndExecute, Synchronize","High","NTFS grants rights to an identity that does not appear in the share-level permission gate."
"d7027291f7594f15a39ae7304a9c6e4d","NtfsIdentityMissingShareGate","share-WINSERVER-SSEnt0001","37bc3a475720485d9ceeecd5cb9736cd","BUILTIN\Users","","0xFFFFFFFFA0000000","High","NTFS grants rights to an identity that does not appear in the share-level permission gate."
"fdd48cc37a144bc1badb569006791170","NtfsIdentityMissingShareGate","share-WINSERVER-SSEnt0001","ebb33b470d5a418a813e05b4c5380289","LAB\SS-ENT-0001-Editors","","Modify, Synchronize","High","NTFS grants rights to an identity that does not appear in the share-level permission gate."
"7f532871f44647da8f81327a5e6e9aaf","NtfsIdentityMissingShareGate","share-WINSERVER-SSEnt0001","ebb33b470d5a418a813e05b4c5380289","NT AUTHORITY\SYSTEM","","FullControl","High","NTFS grants rights to an identity that does not appear in the share-level permission gate."
"20cddfe8bde24ea4a507cee61178f4b0","NtfsIdentityMissingShareGate","share-WINSERVER-SSEnt0001","ebb33b470d5a418a813e05b4c5380289","NT AUTHORITY\Authenticated Users","","Modify, Synchronize","High","NTFS grants rights to an identity that does not appear in the share-level permission gate."
"ae0db642a34748b58a014d886da71a6c","NtfsIdentityMissingShareGate","share-WINSERVER-SSEnt0001","ebb33b470d5a418a813e05b4c5380289","BUILTIN\Users","","ReadAndExecute, Synchronize","High","NTFS grants rights to an identity that does not appear in the share-level permission gate."
"56183dae8c09426eac33506a9ab65f36","NtfsIdentityMissingShareGate","share-WINSERVER-SSEnt0001","5d0b84fb57a0422ca472e00f16cd94ae","LAB\SS-ENT-0001-Editors","","Modify, Synchronize","High","NTFS grants rights to an identity that does not appear in the share-level permission gate."
"dbbea0e2ecdf4884ab9f6b1031311ce8","NtfsIdentityMissingShareGate","share-WINSERVER-SSEnt0001","5d0b84fb57a0422ca472e00f16cd94ae","NT AUTHORITY\SYSTEM","","FullControl","High","NTFS grants rights to an identity that does not appear in the share-level permission gate."
"6b03330191b14ddc8a27f46c56eb0219","NtfsIdentityMissingShareGate","share-WINSERVER-SSEnt0001","5d0b84fb57a0422ca472e00f16cd94ae","NT AUTHORITY\Authenticated Users","","Modify, Synchronize","High","NTFS grants rights to an identity that does not appear in the share-level permission gate."
"8e44919ea4ba4765ad09d40bd20af855","NtfsIdentityMissingShareGate","share-WINSERVER-SSEnt0001","5d0b84fb57a0422ca472e00f16cd94ae","BUILTIN\Users","","ReadAndExecute, Synchronize","High","NTFS grants rights to an identity that does not appear in the share-level permission gate."
"e48f350348a246ce9cb327666a1eee28","NtfsIdentityMissingShareGate","share-WINSERVER-SSEnt0001","30023c49377c4aa680ffee4ec29fcfdb","LAB\SS-ENT-0001-Editors","","Modify, Synchronize","High","NTFS grants rights to an identity that does not appear in the share-level permission gate."
"e451d0e8c78c42de94311080dc185976","NtfsIdentityMissingShareGate","share-WINSERVER-SSEnt0001","30023c49377c4aa680ffee4ec29fcfdb","NT AUTHORITY\SYSTEM","","FullControl","High","NTFS grants rights to an identity that does not appear in the share-level permission gate."
"d10f1d98917243468371e76c5945a70b","NtfsIdentityMissingShareGate","share-WINSERVER-SSEnt0001","30023c49377c4aa680ffee4ec29fcfdb","NT AUTHORITY\Authenticated Users","","Modify, Synchronize","High","NTFS grants rights to an identity that does not appear in the share-level permission gate."
"86b568bac13e41ab9e1591dfb650f274","NtfsIdentityMissingShareGate","share-WINSERVER-SSEnt0001","30023c49377c4aa680ffee4ec29fcfdb","BUILTIN\Users","","ReadAndExecute, Synchronize","High","NTFS grants rights to an identity that does not appear in the share-level permission gate."
"bdf1765d88ee4165a10d3b4dab145a0a","NtfsIdentityMissingShareGate","share-WINSERVER-SSEnt0001","48faf2a7b0eb4dbb91288ef41cdb20a6","LAB\SS-ENT-0001-Editors","","Modify, Synchronize","High","NTFS grants rights to an identity that does not appear in the share-level permission gate."
"8f67e08cc5ab492b93bef46d12b32fcf","NtfsIdentityMissingShareGate","share-WINSERVER-SSEnt0001","48faf2a7b0eb4dbb91288ef41cdb20a6","NT AUTHORITY\SYSTEM","","FullControl","High","NTFS grants rights to an identity that does not appear in the share-level permission gate."
"f92f91398fba465fb05d37580f8fc4fa","NtfsIdentityMissingShareGate","share-WINSERVER-SSEnt0001","48faf2a7b0eb4dbb91288ef41cdb20a6","NT AUTHORITY\Authenticated Users","","Modify, Synchronize","High","NTFS grants rights to an identity that does not appear in the share-level permission gate."
"b637d5bb05774d09806fce96d7bc5b19","NtfsIdentityMissingShareGate","share-WINSERVER-SSEnt0001","48faf2a7b0eb4dbb91288ef41cdb20a6","BUILTIN\Users","","ReadAndExecute, Synchronize","High","NTFS grants rights to an identity that does not appear in the share-level permission gate."
"f34d324870e14c05a6974a34c1c5bb8b","NtfsIdentityMissingShareGate","share-WINSERVER-SSEnt0001","26281fe922984cdbb8fef12deddf998d","LAB\SS-ENT-0001-Editors","","Modify, Synchronize","High","NTFS grants rights to an identity that does not appear in the share-level permission gate."
"e08479fdc9c24335874b34eb7a7eb1cf","NtfsIdentityMissingShareGate","share-WINSERVER-SSEnt0001","26281fe922984cdbb8fef12deddf998d","NT AUTHORITY\SYSTEM","","FullControl","High","NTFS grants rights to an identity that does not appear in the share-level permission gate."
"cc4acbc5d3f74d6c9bc6e9c860985b5a","NtfsIdentityMissingShareGate","share-WINSERVER-SSEnt0001","26281fe922984cdbb8fef12deddf998d","NT AUTHORITY\Authenticated Users","","Modify, Synchronize","High","NTFS grants rights to an identity that does not appear in the share-level permission gate."
"301e16827ce64e2481277f6f564e0915","NtfsIdentityMissingShareGate","share-WINSERVER-SSEnt0001","26281fe922984cdbb8fef12deddf998d","BUILTIN\Users","","ReadAndExecute, Synchronize","High","NTFS grants rights to an identity that does not appear in the share-level permission gate."
"088337f8dc924b6fa8d45e686bf22fc5","NtfsIdentityMissingShareGate","share-WINSERVER-SSEnt0001","67a32a2048b8442780ef4c683c01b338","LAB\SS-ENT-0001-Editors","","Modify, Synchronize","High","NTFS grants rights to an identity that does not appear in the share-level permission gate."
"80f44790d12f4b0f8966d7a535b4e75b","NtfsIdentityMissingShareGate","share-WINSERVER-SSEnt0001","67a32a2048b8442780ef4c683c01b338","NT AUTHORITY\SYSTEM","","FullControl","High","NTFS grants rights to an identity that does not appear in the share-level permission gate."
"b0fcd3250a7a4b729f9c25852ec49adf","NtfsIdentityMissingShareGate","share-WINSERVER-SSEnt0001","67a32a2048b8442780ef4c683c01b338","NT AUTHORITY\Authenticated Users","","Modify, Synchronize","High","NTFS grants rights to an identity that does not appear in the share-level permission gate."
"7713316c39e64a8ca7c8dea6f41dd3f2","NtfsIdentityMissingShareGate","share-WINSERVER-SSEnt0001","67a32a2048b8442780ef4c683c01b338","BUILTIN\Users","","ReadAndExecute, Synchronize","High","NTFS grants rights to an identity that does not appear in the share-level permission gate."
"329eb45ae16d44c996cb3f48baa89f41","NtfsIdentityMissingShareGate","share-WINSERVER-SSEnt0001","ebdead1c41a8455d8c122b7f5bc7cb1d","LAB\SS-ENT-0001-Editors","","Modify, Synchronize","High","NTFS grants rights to an identity that does not appear in the share-level permission gate."
"93a23973ac4b43e2baac1ead4eb33c38","NtfsIdentityMissingShareGate","share-WINSERVER-SSEnt0001","ebdead1c41a8455d8c122b7f5bc7cb1d","NT AUTHORITY\SYSTEM","","FullControl","High","NTFS grants rights to an identity that does not appear in the share-level permission gate."
"9ae6b736e98641bca1541b6cc675f1c8","NtfsIdentityMissingShareGate","share-WINSERVER-SSEnt0001","ebdead1c41a8455d8c122b7f5bc7cb1d","NT AUTHORITY\Authenticated Users","","Modify, Synchronize","High","NTFS grants rights to an identity that does not appear in the share-level permission gate."
"a09b782771634b788a6834921a926f69","NtfsIdentityMissingShareGate","share-WINSERVER-SSEnt0001","ebdead1c41a8455d8c122b7f5bc7cb1d","BUILTIN\Users","","ReadAndExecute, Synchronize","High","NTFS grants rights to an identity that does not appear in the share-level permission gate."
"92ff0c376f5f41a8b80ba4a24f2ee14c","NtfsIdentityMissingShareGate","share-WINSERVER-SSEnt0001","efbe2dd0fcf5427bbc4bd328199b64f3","LAB\SS-ENT-0001-Editors","","Modify, Synchronize","High","NTFS grants rights to an identity that does not appear in the share-level permission gate."
"97f52f90b4444fde87542b53d92dc86e","NtfsIdentityMissingShareGate","share-WINSERVER-SSEnt0001","efbe2dd0fcf5427bbc4bd328199b64f3","NT AUTHORITY\SYSTEM","","FullControl","High","NTFS grants rights to an identity that does not appear in the share-level permission gate."
"9610b51f216a4c3ba2674478922c1cee","NtfsIdentityMissingShareGate","share-WINSERVER-SSEnt0001","efbe2dd0fcf5427bbc4bd328199b64f3","NT AUTHORITY\Authenticated Users","","Modify, Synchronize","High","NTFS grants rights to an identity that does not appear in the share-level permission gate."
"38555f4588b54fe986a6991d5614a0e2","NtfsIdentityMissingShareGate","share-WINSERVER-SSEnt0001","efbe2dd0fcf5427bbc4bd328199b64f3","BUILTIN\Users","","ReadAndExecute, Synchronize","High","NTFS grants rights to an identity that does not appear in the share-level permission gate."
"8cca8ca51a0e4f9c9dc2571872ed9848","NtfsIdentityMissingShareGate","share-WINSERVER-SSEnt0001","226476f659de4512b95fdab5e09d8095","LAB\SS-ENT-0001-Editors","","Modify, Synchronize","High","NTFS grants rights to an identity that does not appear in the share-level permission gate."
"ad84be7868344f1aafbc3274aa2ea668","NtfsIdentityMissingShareGate","share-WINSERVER-SSEnt0001","226476f659de4512b95fdab5e09d8095","NT AUTHORITY\SYSTEM","","FullControl","High","NTFS grants rights to an identity that does not appear in the share-level permission gate."
"2ba7af8826e643fe9ce449767a6c572a","NtfsIdentityMissingShareGate","share-WINSERVER-SSEnt0001","226476f659de4512b95fdab5e09d8095","NT AUTHORITY\Authenticated Users","","Modify, Synchronize","High","NTFS grants rights to an identity that does not appear in the share-level permission gate."
"fa5d4459a6df44118faed4bce40d5724","NtfsIdentityMissingShareGate","share-WINSERVER-SSEnt0001","226476f659de4512b95fdab5e09d8095","BUILTIN\Users","","ReadAndExecute, Synchronize","High","NTFS grants rights to an identity that does not appear in the share-level permission gate."
"611964abb4b648b28a56130819537e6b","NtfsIdentityMissingShareGate","share-WINSERVER-SSEnt0001","6968a0518de744c39888123677acb2d8","LAB\SS-ENT-0001-Editors","","Modify, Synchronize","High","NTFS grants rights to an identity that does not appear in the share-level permission gate."
"76999581d2ea44d498c3b4843fedb49e","NtfsIdentityMissingShareGate","share-WINSERVER-SSEnt0001","6968a0518de744c39888123677acb2d8","NT AUTHORITY\SYSTEM","","FullControl","High","NTFS grants rights to an identity that does not appear in the share-level permission gate."
"7d46c4e06bb94d1eb5b4c028145fb4d8","NtfsIdentityMissingShareGate","share-WINSERVER-SSEnt0001","6968a0518de744c39888123677acb2d8","NT AUTHORITY\SYSTEM","","0x10000000","High","NTFS grants rights to an identity that does not appear in the share-level permission gate."
"040f9b08368246349061793d59479710","NtfsIdentityMissingShareGate","share-WINSERVER-SSEnt0001","6968a0518de744c39888123677acb2d8","NT AUTHORITY\Authenticated Users","","Modify, Synchronize","High","NTFS grants rights to an identity that does not appear in the share-level permission gate."
"6b5792633a054f6795799171123c2ed5","NtfsIdentityMissingShareGate","share-WINSERVER-SSEnt0001","6968a0518de744c39888123677acb2d8","NT AUTHORITY\Authenticated Users","","0xFFFFFFFFE0010000","High","NTFS grants rights to an identity that does not appear in the share-level permission gate."
"b86e12f33c3b42b28615b3a0c712f981","NtfsIdentityMissingShareGate","share-WINSERVER-SSEnt0001","6968a0518de744c39888123677acb2d8","BUILTIN\Users","","ReadAndExecute, Synchronize","High","NTFS grants rights to an identity that does not appear in the share-level permission gate."
"640ef0c8cf814f71879f5f7d12b9ccf3","NtfsIdentityMissingShareGate","share-WINSERVER-SSEnt0001","6968a0518de744c39888123677acb2d8","BUILTIN\Users","","0xFFFFFFFFA0000000","High","NTFS grants rights to an identity that does not appear in the share-level permission gate."
"46216ca898b34a1bab4076bc17f4aec1","NtfsIdentityMissingShareGate","share-WINSERVER-SSEnt0001","f98ab3e097914a0782976e998722f68d","LAB\SS-ENT-0001-Editors","","Modify, Synchronize","High","NTFS grants rights to an identity that does not appear in the share-level permission gate."
"c18e40c0d1e440c1bb395c70bc41e5f3","NtfsIdentityMissingShareGate","share-WINSERVER-SSEnt0001","f98ab3e097914a0782976e998722f68d","NT AUTHORITY\SYSTEM","","FullControl","High","NTFS grants rights to an identity that does not appear in the share-level permission gate."
"64bc1dd2e7ea48f5910272bbf6a3d17b","NtfsIdentityMissingShareGate","share-WINSERVER-SSEnt0001","f98ab3e097914a0782976e998722f68d","NT AUTHORITY\Authenticated Users","","Modify, Synchronize","High","NTFS grants rights to an identity that does not appear in the share-level permission gate."
"17205a01527548a0a914f36ab634d0f3","NtfsIdentityMissingShareGate","share-WINSERVER-SSEnt0001","f98ab3e097914a0782976e998722f68d","BUILTIN\Users","","ReadAndExecute, Synchronize","High","NTFS grants rights to an identity that does not appear in the share-level permission gate."
"0ff084ed37654615861c4f40a19a201e","NtfsIdentityMissingShareGate","share-WINSERVER-SSEnt0002","ba068245175d46edbea5c14a8d300af2","NT AUTHORITY\SYSTEM","","FullControl","High","NTFS grants rights to an identity that does not appear in the share-level permission gate."
"4544cbb3fbc24699b896d00a4c318532","NtfsIdentityMissingShareGate","share-WINSERVER-SSEnt0002","ba068245175d46edbea5c14a8d300af2","NT AUTHORITY\SYSTEM","","0x10000000","High","NTFS grants rights to an identity that does not appear in the share-level permission gate."
"3b8f6487455c4c00a4f75afcdba91fc9","NtfsIdentityMissingShareGate","share-WINSERVER-SSEnt0002","ba068245175d46edbea5c14a8d300af2","NT AUTHORITY\Authenticated Users","","Modify, Synchronize","High","NTFS grants rights to an identity that does not appear in the share-level permission gate."
"7e2883267211464a82ce0ee13a9b8c98","NtfsIdentityMissingShareGate","share-WINSERVER-SSEnt0002","ba068245175d46edbea5c14a8d300af2","NT AUTHORITY\Authenticated Users","","0xFFFFFFFFE0010000","High","NTFS grants rights to an identity that does not appear in the share-level permission gate."
"a5f104f293da478ba375647103f9e549","NtfsIdentityMissingShareGate","share-WINSERVER-SSEnt0002","ba068245175d46edbea5c14a8d300af2","BUILTIN\Users","","ReadAndExecute, Synchronize","High","NTFS grants rights to an identity that does not appear in the share-level permission gate."
"656f1bd3b289469b84832f98b6eefb67","NtfsIdentityMissingShareGate","share-WINSERVER-SSEnt0002","ba068245175d46edbea5c14a8d300af2","BUILTIN\Users","","0xFFFFFFFFA0000000","High","NTFS grants rights to an identity that does not appear in the share-level permission gate."
"4c8dc546b039436bb7fbd212768c6e31","NtfsIdentityMissingShareGate","share-WINSERVER-SSEnt0002","4b9e86fb53c846e6a418fe251be9125e","NT AUTHORITY\SYSTEM","","FullControl","High","NTFS grants rights to an identity that does not appear in the share-level permission gate."
"87547453ef474db88f657977ae92cc17","NtfsIdentityMissingShareGate","share-WINSERVER-SSEnt0002","4b9e86fb53c846e6a418fe251be9125e","NT AUTHORITY\SYSTEM","","0x10000000","High","NTFS grants rights to an identity that does not appear in the share-level permission gate."
"c4f9e58cb8ff4b888e2bef155dc1618f","NtfsIdentityMissingShareGate","share-WINSERVER-SSEnt0002","4b9e86fb53c846e6a418fe251be9125e","NT AUTHORITY\Authenticated Users","","Modify, Synchronize","High","NTFS grants rights to an identity that does not appear in the share-level permission gate."
"c00fb4b2b2ab429d83976d0b5f10f04f","NtfsIdentityMissingShareGate","share-WINSERVER-SSEnt0002","4b9e86fb53c846e6a418fe251be9125e","NT AUTHORITY\Authenticated Users","","0xFFFFFFFFE0010000","High","NTFS grants rights to an identity that does not appear in the share-level permission gate."
"a24fa4279ab2444da845aa654c8448ad","NtfsIdentityMissingShareGate","share-WINSERVER-SSEnt0002","4b9e86fb53c846e6a418fe251be9125e","BUILTIN\Users","","ReadAndExecute, Synchronize","High","NTFS grants rights to an identity that does not appear in the share-level permission gate."
"4e6ebc5e35204ae2b2319e52899e152b","NtfsIdentityMissingShareGate","share-WINSERVER-SSEnt0002","4b9e86fb53c846e6a418fe251be9125e","BUILTIN\Users","","0xFFFFFFFFA0000000","High","NTFS grants rights to an identity that does not appear in the share-level permission gate."
"8d4bd83951194be88798fb40d117c566","NtfsIdentityMissingShareGate","share-WINSERVER-SSEnt0002","c117c1df7f024e91aca9532ebb37b4e5","NT AUTHORITY\SYSTEM","","FullControl","High","NTFS grants rights to an identity that does not appear in the share-level permission gate."
"9c58c61b630144749947354fbe7cf3f0","NtfsIdentityMissingShareGate","share-WINSERVER-SSEnt0002","c117c1df7f024e91aca9532ebb37b4e5","NT AUTHORITY\SYSTEM","","0x10000000","High","NTFS grants rights to an identity that does not appear in the share-level permission gate."
"e6c5abbf12cd4205bf035ef515f2c93f","NtfsIdentityMissingShareGate","share-WINSERVER-SSEnt0002","c117c1df7f024e91aca9532ebb37b4e5","NT AUTHORITY\Authenticated Users","","Modify, Synchronize","High","NTFS grants rights to an identity that does not appear in the share-level permission gate."
"86649b9bcb544aa3b6fdf80b3d3b294f","NtfsIdentityMissingShareGate","share-WINSERVER-SSEnt0002","c117c1df7f024e91aca9532ebb37b4e5","NT AUTHORITY\Authenticated Users","","0xFFFFFFFFE0010000","High","NTFS grants rights to an identity that does not appear in the share-level permission gate."
"62c215e156a94bba9d4d43eb19339ee9","NtfsIdentityMissingShareGate","share-WINSERVER-SSEnt0002","c117c1df7f024e91aca9532ebb37b4e5","BUILTIN\Users","","ReadAndExecute, Synchronize","High","NTFS grants rights to an identity that does not appear in the share-level permission gate."
"780f9562049c4b17870b6a114d5eb4eb","NtfsIdentityMissingShareGate","share-WINSERVER-SSEnt0002","c117c1df7f024e91aca9532ebb37b4e5","BUILTIN\Users","","0xFFFFFFFFA0000000","High","NTFS grants rights to an identity that does not appear in the share-level permission gate."
"b2f1c5facdba4423a068642a814b1e89","NtfsIdentityMissingShareGate","share-WINSERVER-SSEnt0002","273ed164f6e44350963ef3d1372f5484","NT AUTHORITY\SYSTEM","","FullControl","High","NTFS grants rights to an identity that does not appear in the share-level permission gate."
"d2b09b1d0e4c4283a1177b781f48b4cc","NtfsIdentityMissingShareGate","share-WINSERVER-SSEnt0002","273ed164f6e44350963ef3d1372f5484","NT AUTHORITY\SYSTEM","","0x10000000","High","NTFS grants rights to an identity that does not appear in the share-level permission gate."
"6b94324181b84ddc9c3c0392e27c9a8d","NtfsIdentityMissingShareGate","share-WINSERVER-SSEnt0002","273ed164f6e44350963ef3d1372f5484","NT AUTHORITY\Authenticated Users","","Modify, Synchronize","High","NTFS grants rights to an identity that does not appear in the share-level permission gate."
"db6b7fe2aa1d43b69feda1d18bcb8ad1","NtfsIdentityMissingShareGate","share-WINSERVER-SSEnt0002","273ed164f6e44350963ef3d1372f5484","NT AUTHORITY\Authenticated Users","","0xFFFFFFFFE0010000","High","NTFS grants rights to an identity that does not appear in the share-level permission gate."
"925fdec8c1264f3d8fd9bfde7dd26936","NtfsIdentityMissingShareGate","share-WINSERVER-SSEnt0002","273ed164f6e44350963ef3d1372f5484","BUILTIN\Users","","ReadAndExecute, Synchronize","High","NTFS grants rights to an identity that does not appear in the share-level permission gate."
"3a9426e5e5eb4115920e7e496af62018","NtfsIdentityMissingShareGate","share-WINSERVER-SSEnt0002","273ed164f6e44350963ef3d1372f5484","BUILTIN\Users","","0xFFFFFFFFA0000000","High","NTFS grants rights to an identity that does not appear in the share-level permission gate."
"475a8cb5afdb4da7a437ce599d9825c7","NtfsIdentityMissingShareGate","share-WINSERVER-SSEnt0002","2182b0cf828044cdac83d9ac0b745395","NT AUTHORITY\SYSTEM","","FullControl","High","NTFS grants rights to an identity that does not appear in the share-level permission gate."
"008e4d94931044dfb9168772e67e4e27","NtfsIdentityMissingShareGate","share-WINSERVER-SSEnt0002","2182b0cf828044cdac83d9ac0b745395","NT AUTHORITY\SYSTEM","","0x10000000","High","NTFS grants rights to an identity that does not appear in the share-level permission gate."
"327b719afdc9416aaf396fbc399b51bf","NtfsIdentityMissingShareGate","share-WINSERVER-SSEnt0002","2182b0cf828044cdac83d9ac0b745395","NT AUTHORITY\Authenticated Users","","Modify, Synchronize","High","NTFS grants rights to an identity that does not appear in the share-level permission gate."
"ee1ae54835b74128a1d3aecb481786e7","NtfsIdentityMissingShareGate","share-WINSERVER-SSEnt0002","2182b0cf828044cdac83d9ac0b745395","NT AUTHORITY\Authenticated Users","","0xFFFFFFFFE0010000","High","NTFS grants rights to an identity that does not appear in the share-level permission gate."
"f75aba1df7754cc3ac31eb3860952723","NtfsIdentityMissingShareGate","share-WINSERVER-SSEnt0002","2182b0cf828044cdac83d9ac0b745395","BUILTIN\Users","","ReadAndExecute, Synchronize","High","NTFS grants rights to an identity that does not appear in the share-level permission gate."
"bdbe29c44c1a40debc15f5ff6ce1947a","NtfsIdentityMissingShareGate","share-WINSERVER-SSEnt0002","2182b0cf828044cdac83d9ac0b745395","BUILTIN\Users","","0xFFFFFFFFA0000000","High","NTFS grants rights to an identity that does not appear in the share-level permission gate."
"c29a7395b8564420ac4a47b15a0acfc8","NtfsIdentityMissingShareGate","share-WINSERVER-SSEnt0002","a3ee69b73fd549698bc9e9b31a4c2e10","LAB\SS-ENT-0002-Editors","","Modify, Synchronize","High","NTFS grants rights to an identity that does not appear in the share-level permission gate."
"3cff1d1215e044959bc02026112b54de","NtfsIdentityMissingShareGate","share-WINSERVER-SSEnt0002","a3ee69b73fd549698bc9e9b31a4c2e10","NT AUTHORITY\SYSTEM","","FullControl","High","NTFS grants rights to an identity that does not appear in the share-level permission gate."
"488b0cc5492a49a99527c46738a11e02","NtfsIdentityMissingShareGate","share-WINSERVER-SSEnt0002","a3ee69b73fd549698bc9e9b31a4c2e10","NT AUTHORITY\SYSTEM","","0x10000000","High","NTFS grants rights to an identity that does not appear in the share-level permission gate."
"88ef81573bc5459386993346e2362025","NtfsIdentityMissingShareGate","share-WINSERVER-SSEnt0002","a3ee69b73fd549698bc9e9b31a4c2e10","NT AUTHORITY\Authenticated Users","","Modify, Synchronize","High","NTFS grants rights to an identity that does not appear in the share-level permission gate."
"b34886f324fb4971870631a5a6397edc","NtfsIdentityMissingShareGate","share-WINSERVER-SSEnt0002","a3ee69b73fd549698bc9e9b31a4c2e10","NT AUTHORITY\Authenticated Users","","0xFFFFFFFFE0010000","High","NTFS grants rights to an identity that does not appear in the share-level permission gate."
"42cb425754224cbc9c04c75717de27e0","NtfsIdentityMissingShareGate","share-WINSERVER-SSEnt0002","a3ee69b73fd549698bc9e9b31a4c2e10","BUILTIN\Users","","ReadAndExecute, Synchronize","High","NTFS grants rights to an identity that does not appear in the share-level permission gate."
"bd558672cd5c45e9af0090d62e54d3a8","NtfsIdentityMissingShareGate","share-WINSERVER-SSEnt0002","a3ee69b73fd549698bc9e9b31a4c2e10","BUILTIN\Users","","0xFFFFFFFFA0000000","High","NTFS grants rights to an identity that does not appear in the share-level permission gate."
"c58a1291df5d4f609b0c9e6a93297ec9","NtfsIdentityMissingShareGate","share-WINSERVER-SSEnt0002","8097126896884650b55b06a0168739e7","LAB\SS-ENT-0002-Editors","","Modify, Synchronize","High","NTFS grants rights to an identity that does not appear in the share-level permission gate."
"7b41b7a79c0b46b1b04030a5cacae768","NtfsIdentityMissingShareGate","share-WINSERVER-SSEnt0002","8097126896884650b55b06a0168739e7","NT AUTHORITY\SYSTEM","","FullControl","High","NTFS grants rights to an identity that does not appear in the share-level permission gate."
"a2c7ab576915401aad1308f6417a45fc","NtfsIdentityMissingShareGate","share-WINSERVER-SSEnt0002","8097126896884650b55b06a0168739e7","NT AUTHORITY\SYSTEM","","0x10000000","High","NTFS grants rights to an identity that does not appear in the share-level permission gate."
"f2e3c792afc143a3b9a5c85af85460d6","NtfsIdentityMissingShareGate","share-WINSERVER-SSEnt0002","8097126896884650b55b06a0168739e7","NT AUTHORITY\Authenticated Users","","Modify, Synchronize","High","NTFS grants rights to an identity that does not appear in the share-level permission gate."
"09719943b0b047889a42ca15f3a2f629","NtfsIdentityMissingShareGate","share-WINSERVER-SSEnt0002","8097126896884650b55b06a0168739e7","NT AUTHORITY\Authenticated Users","","0xFFFFFFFFE0010000","High","NTFS grants rights to an identity that does not appear in the share-level permission gate."
"97f28b3c584c468b9f4759c62b6d0de4","NtfsIdentityMissingShareGate","share-WINSERVER-SSEnt0002","8097126896884650b55b06a0168739e7","BUILTIN\Users","","ReadAndExecute, Synchronize","High","NTFS grants rights to an identity that does not appear in the share-level permission gate."
"224f6166b37f4998a90b0058b949f3f4","NtfsIdentityMissingShareGate","share-WINSERVER-SSEnt0002","8097126896884650b55b06a0168739e7","BUILTIN\Users","","0xFFFFFFFFA0000000","High","NTFS grants rights to an identity that does not appear in the share-level permission gate."
"4673f2b21aee491a89bea4add7da7e86","NtfsIdentityMissingShareGate","share-WINSERVER-SSEnt0002","8ba82575978d482aa6fb514d0157735c","LAB\SS-ENT-0002-Editors","","Modify, Synchronize","High","NTFS grants rights to an identity that does not appear in the share-level permission gate."
"5179dc35690841f29aa331b05b7cf40c","NtfsIdentityMissingShareGate","share-WINSERVER-SSEnt0002","8ba82575978d482aa6fb514d0157735c","NT AUTHORITY\SYSTEM","","FullControl","High","NTFS grants rights to an identity that does not appear in the share-level permission gate."
"cb61ac572f6a4849b4ca2d8f068179e2","NtfsIdentityMissingShareGate","share-WINSERVER-SSEnt0002","8ba82575978d482aa6fb514d0157735c","NT AUTHORITY\SYSTEM","","0x10000000","High","NTFS grants rights to an identity that does not appear in the share-level permission gate."
"09685ec28ec041a799fb26cd84cfd3d5","NtfsIdentityMissingShareGate","share-WINSERVER-SSEnt0002","8ba82575978d482aa6fb514d0157735c","NT AUTHORITY\Authenticated Users","","Modify, Synchronize","High","NTFS grants rights to an identity that does not appear in the share-level permission gate."
"2d7955b3498b4dffb39bc329ba5d784d","NtfsIdentityMissingShareGate","share-WINSERVER-SSEnt0002","8ba82575978d482aa6fb514d0157735c","NT AUTHORITY\Authenticated Users","","0xFFFFFFFFE0010000","High","NTFS grants rights to an identity that does not appear in the share-level permission gate."
"d9147389a2444196b348660ef13a1e1f","NtfsIdentityMissingShareGate","share-WINSERVER-SSEnt0002","8ba82575978d482aa6fb514d0157735c","BUILTIN\Users","","ReadAndExecute, Synchronize","High","NTFS grants rights to an identity that does not appear in the share-level permission gate."
"90d1ee5dafec48228009dcaf5bea5dfe","NtfsIdentityMissingShareGate","share-WINSERVER-SSEnt0002","8ba82575978d482aa6fb514d0157735c","BUILTIN\Users","","0xFFFFFFFFA0000000","High","NTFS grants rights to an identity that does not appear in the share-level permission gate."
"53c792d21c6d4638bb53907553a64456","NtfsIdentityMissingShareGate","share-WINSERVER-SSEnt0002","fbd0d0a5ee264d0ab1af273ad9866c1d","LAB\SS-ENT-0002-Editors","","Modify, Synchronize","High","NTFS grants rights to an identity that does not appear in the share-level permission gate."
"80bb92e564d14d5098c69c1603c962f1","NtfsIdentityMissingShareGate","share-WINSERVER-SSEnt0002","fbd0d0a5ee264d0ab1af273ad9866c1d","NT AUTHORITY\SYSTEM","","FullControl","High","NTFS grants rights to an identity that does not appear in the share-level permission gate."
"a0e0de4aeda14cc7b7cf18805552f6ef","NtfsIdentityMissingShareGate","share-WINSERVER-SSEnt0002","fbd0d0a5ee264d0ab1af273ad9866c1d","NT AUTHORITY\SYSTEM","","0x10000000","High","NTFS grants rights to an identity that does not appear in the share-level permission gate."
"6bdf7c29ae3343119d47ec493421154f","NtfsIdentityMissingShareGate","share-WINSERVER-SSEnt0002","fbd0d0a5ee264d0ab1af273ad9866c1d","NT AUTHORITY\Authenticated Users","","Modify, Synchronize","High","NTFS grants rights to an identity that does not appear in the share-level permission gate."
"3deb9e6e94e041d49526d1a0db0bdae4","NtfsIdentityMissingShareGate","share-WINSERVER-SSEnt0002","fbd0d0a5ee264d0ab1af273ad9866c1d","NT AUTHORITY\Authenticated Users","","0xFFFFFFFFE0010000","High","NTFS grants rights to an identity that does not appear in the share-level permission gate."
"a53bd5967c414e958b2c295df5215c89","NtfsIdentityMissingShareGate","share-WINSERVER-SSEnt0002","fbd0d0a5ee264d0ab1af273ad9866c1d","BUILTIN\Users","","ReadAndExecute, Synchronize","High","NTFS grants rights to an identity that does not appear in the share-level permission gate."
"18653b43d22a4941abd206014ca73f45","NtfsIdentityMissingShareGate","share-WINSERVER-SSEnt0002","fbd0d0a5ee264d0ab1af273ad9866c1d","BUILTIN\Users","","0xFFFFFFFFA0000000","High","NTFS grants rights to an identity that does not appear in the share-level permission gate."
"8fc7ef3830c34c8ca9b79bf7a6d2de55","NtfsIdentityMissingShareGate","share-WINSERVER-SSEnt0002","fd3cf7c92fd34182b6c5f057cd10c065","LAB\SS-ENT-0002-Editors","","Modify, Synchronize","High","NTFS grants rights to an identity that does not appear in the share-level permission gate."
"e288a89ab8694444bd1cf9b0be9da625","NtfsIdentityMissingShareGate","share-WINSERVER-SSEnt0002","fd3cf7c92fd34182b6c5f057cd10c065","NT AUTHORITY\SYSTEM","","FullControl","High","NTFS grants rights to an identity that does not appear in the share-level permission gate."
"5ce325c56e7846dcba5788200a9acb38","NtfsIdentityMissingShareGate","share-WINSERVER-SSEnt0002","fd3cf7c92fd34182b6c5f057cd10c065","NT AUTHORITY\SYSTEM","","0x10000000","High","NTFS grants rights to an identity that does not appear in the share-level permission gate."
"ea084b1420e54de1af70257780e65846","NtfsIdentityMissingShareGate","share-WINSERVER-SSEnt0002","fd3cf7c92fd34182b6c5f057cd10c065","NT AUTHORITY\Authenticated Users","","Modify, Synchronize","High","NTFS grants rights to an identity that does not appear in the share-level permission gate."
"fc9582bf54bc4bd3ba1487a73af30c34","NtfsIdentityMissingShareGate","share-WINSERVER-SSEnt0002","fd3cf7c92fd34182b6c5f057cd10c065","NT AUTHORITY\Authenticated Users","","0xFFFFFFFFE0010000","High","NTFS grants rights to an identity that does not appear in the share-level permission gate."
"4a4982dc3221476e9fa8672a4f082400","NtfsIdentityMissingShareGate","share-WINSERVER-SSEnt0002","fd3cf7c92fd34182b6c5f057cd10c065","BUILTIN\Users","","ReadAndExecute, Synchronize","High","NTFS grants rights to an identity that does not appear in the share-level permission gate."
"14331114509942439f42edae7deaf4d4","NtfsIdentityMissingShareGate","share-WINSERVER-SSEnt0002","fd3cf7c92fd34182b6c5f057cd10c065","BUILTIN\Users","","0xFFFFFFFFA0000000","High","NTFS grants rights to an identity that does not appear in the share-level permission gate."
"d25fe78078814136b0df01e46e7babe4","NtfsIdentityMissingShareGate","share-WINSERVER-SSEnt0002","9fa26607a89145f1b6f79b4431fcc3e8","LAB\SS-ENT-0002-Editors","","Modify, Synchronize","High","NTFS grants rights to an identity that does not appear in the share-level permission gate."
"27e1c58c45bc4d328b44c80050a0e029","NtfsIdentityMissingShareGate","share-WINSERVER-SSEnt0002","9fa26607a89145f1b6f79b4431fcc3e8","NT AUTHORITY\SYSTEM","","FullControl","High","NTFS grants rights to an identity that does not appear in the share-level permission gate."
"61411e2bb3ea4c9399530348ca238b0b","NtfsIdentityMissingShareGate","share-WINSERVER-SSEnt0002","9fa26607a89145f1b6f79b4431fcc3e8","NT AUTHORITY\SYSTEM","","0x10000000","High","NTFS grants rights to an identity that does not appear in the share-level permission gate."
"f63b518aee1b4df8a7c57c1ef7eb9742","NtfsIdentityMissingShareGate","share-WINSERVER-SSEnt0002","9fa26607a89145f1b6f79b4431fcc3e8","NT AUTHORITY\Authenticated Users","","Modify, Synchronize","High","NTFS grants rights to an identity that does not appear in the share-level permission gate."
"a21a2dc1491e407aba078a56746bed74","NtfsIdentityMissingShareGate","share-WINSERVER-SSEnt0002","9fa26607a89145f1b6f79b4431fcc3e8","NT AUTHORITY\Authenticated Users","","0xFFFFFFFFE0010000","High","NTFS grants rights to an identity that does not appear in the share-level permission gate."
"a0a7acd815b64e1e809d7f3ce049d9fa","NtfsIdentityMissingShareGate","share-WINSERVER-SSEnt0002","9fa26607a89145f1b6f79b4431fcc3e8","BUILTIN\Users","","ReadAndExecute, Synchronize","High","NTFS grants rights to an identity that does not appear in the share-level permission gate."
"d1b81e415d45407e971b4ef45cda98dc","NtfsIdentityMissingShareGate","share-WINSERVER-SSEnt0002","9fa26607a89145f1b6f79b4431fcc3e8","BUILTIN\Users","","0xFFFFFFFFA0000000","High","NTFS grants rights to an identity that does not appear in the share-level permission gate."
"8de9d10aaf2a41fda9276ded33a82d98","NtfsIdentityMissingShareGate","share-WINSERVER-SSEnt0002","69778f62a67d4405a6857f84ed0b4a64","LAB\SS-ENT-0002-Editors","","Modify, Synchronize","High","NTFS grants rights to an identity that does not appear in the share-level permission gate."
"c3c241746d6249d7b102ba1ce5e5657d","NtfsIdentityMissingShareGate","share-WINSERVER-SSEnt0002","69778f62a67d4405a6857f84ed0b4a64","NT AUTHORITY\SYSTEM","","FullControl","High","NTFS grants rights to an identity that does not appear in the share-level permission gate."
"d725f317b73342ac9c138fc2d1ef5007","NtfsIdentityMissingShareGate","share-WINSERVER-SSEnt0002","69778f62a67d4405a6857f84ed0b4a64","NT AUTHORITY\SYSTEM","","0x10000000","High","NTFS grants rights to an identity that does not appear in the share-level permission gate."
"ec0bf874f7ac4ad582a196dd0895a70a","NtfsIdentityMissingShareGate","share-WINSERVER-SSEnt0002","69778f62a67d4405a6857f84ed0b4a64","NT AUTHORITY\Authenticated Users","","Modify, Synchronize","High","NTFS grants rights to an identity that does not appear in the share-level permission gate."
"83dc91b0b0954f0faba9d12bf856d927","NtfsIdentityMissingShareGate","share-WINSERVER-SSEnt0002","69778f62a67d4405a6857f84ed0b4a64","NT AUTHORITY\Authenticated Users","","0xFFFFFFFFE0010000","High","NTFS grants rights to an identity that does not appear in the share-level permission gate."
"e96aec2fcc9e460081f4a7fee4487060","NtfsIdentityMissingShareGate","share-WINSERVER-SSEnt0002","69778f62a67d4405a6857f84ed0b4a64","BUILTIN\Users","","ReadAndExecute, Synchronize","High","NTFS grants rights to an identity that does not appear in the share-level permission gate."
"831b703cb6544bc9898940a53513c0fa","NtfsIdentityMissingShareGate","share-WINSERVER-SSEnt0002","69778f62a67d4405a6857f84ed0b4a64","BUILTIN\Users","","0xFFFFFFFFA0000000","High","NTFS grants rights to an identity that does not appear in the share-level permission gate."
"f3756f5f42224fe69e0460b609800a3f","NtfsIdentityMissingShareGate","share-WINSERVER-SSEnt0002","bc8f580fee6e4419a8f56add923ceb6d","LAB\SS-ENT-0002-Editors","","Modify, Synchronize","High","NTFS grants rights to an identity that does not appear in the share-level permission gate."
"87692b45b4144471a0ecf6c9db634916","NtfsIdentityMissingShareGate","share-WINSERVER-SSEnt0002","bc8f580fee6e4419a8f56add923ceb6d","NT AUTHORITY\SYSTEM","","FullControl","High","NTFS grants rights to an identity that does not appear in the share-level permission gate."
"92aa2cc13cf849bfa8cabce194fb1026","NtfsIdentityMissingShareGate","share-WINSERVER-SSEnt0002","bc8f580fee6e4419a8f56add923ceb6d","NT AUTHORITY\SYSTEM","","0x10000000","High","NTFS grants rights to an identity that does not appear in the share-level permission gate."
"670f6f4ee2f2495884b59be7c15a9921","NtfsIdentityMissingShareGate","share-WINSERVER-SSEnt0002","bc8f580fee6e4419a8f56add923ceb6d","NT AUTHORITY\Authenticated Users","","Modify, Synchronize","High","NTFS grants rights to an identity that does not appear in the share-level permission gate."
"650053e35e5b43aa902de00af03df225","NtfsIdentityMissingShareGate","share-WINSERVER-SSEnt0002","bc8f580fee6e4419a8f56add923ceb6d","NT AUTHORITY\Authenticated Users","","0xFFFFFFFFE0010000","High","NTFS grants rights to an identity that does not appear in the share-level permission gate."
"76b50a1a18b946d2b0ce22e44b6f16b5","NtfsIdentityMissingShareGate","share-WINSERVER-SSEnt0002","bc8f580fee6e4419a8f56add923ceb6d","BUILTIN\Users","","ReadAndExecute, Synchronize","High","NTFS grants rights to an identity that does not appear in the share-level permission gate."
"a6f581d2ddbc4d10834c06ae781de8eb","NtfsIdentityMissingShareGate","share-WINSERVER-SSEnt0002","bc8f580fee6e4419a8f56add923ceb6d","BUILTIN\Users","","0xFFFFFFFFA0000000","High","NTFS grants rights to an identity that does not appear in the share-level permission gate."
"f9a8c2405e57499c93a92a299a04dfbc","NtfsIdentityMissingShareGate","share-WINSERVER-SSEnt0002","94dab2d2434149199731b6a9057fdd47","LAB\SS-ENT-0002-Editors","","Modify, Synchronize","High","NTFS grants rights to an identity that does not appear in the share-level permission gate."
"6da4af2c51ca401bbe7af99f27ca6326","NtfsIdentityMissingShareGate","share-WINSERVER-SSEnt0002","94dab2d2434149199731b6a9057fdd47","NT AUTHORITY\SYSTEM","","FullControl","High","NTFS grants rights to an identity that does not appear in the share-level permission gate."
"cfae1c3c8c1d4e5dadc7f7e3608eb7e9","NtfsIdentityMissingShareGate","share-WINSERVER-SSEnt0002","94dab2d2434149199731b6a9057fdd47","NT AUTHORITY\SYSTEM","","0x10000000","High","NTFS grants rights to an identity that does not appear in the share-level permission gate."
"cc28c8270b7b4745ac4a5b98e2d1a336","NtfsIdentityMissingShareGate","share-WINSERVER-SSEnt0002","94dab2d2434149199731b6a9057fdd47","NT AUTHORITY\Authenticated Users","","Modify, Synchronize","High","NTFS grants rights to an identity that does not appear in the share-level permission gate."
"c1b0947994424a12a68e677168b5325a","NtfsIdentityMissingShareGate","share-WINSERVER-SSEnt0002","94dab2d2434149199731b6a9057fdd47","NT AUTHORITY\Authenticated Users","","0xFFFFFFFFE0010000","High","NTFS grants rights to an identity that does not appear in the share-level permission gate."
"1776e442e6ca49f685633fbe3cafe5d7","NtfsIdentityMissingShareGate","share-WINSERVER-SSEnt0002","94dab2d2434149199731b6a9057fdd47","BUILTIN\Users","","ReadAndExecute, Synchronize","High","NTFS grants rights to an identity that does not appear in the share-level permission gate."
"d34b5de0e5bc48b6868a66318bff47b4","NtfsIdentityMissingShareGate","share-WINSERVER-SSEnt0002","94dab2d2434149199731b6a9057fdd47","BUILTIN\Users","","0xFFFFFFFFA0000000","High","NTFS grants rights to an identity that does not appear in the share-level permission gate."
"0a5e8693b74f408cb90d783c329be828","NtfsIdentityMissingShareGate","share-WINSERVER-SSEnt0002","0c9d07e09d8c49539f2259edc50e212a","LAB\SS-ENT-0002-Editors","","Modify, Synchronize","High","NTFS grants rights to an identity that does not appear in the share-level permission gate."
"5c42e5b306a4410bb26aa0bd3fcfc3e0","NtfsIdentityMissingShareGate","share-WINSERVER-SSEnt0002","0c9d07e09d8c49539f2259edc50e212a","NT AUTHORITY\SYSTEM","","FullControl","High","NTFS grants rights to an identity that does not appear in the share-level permission gate."
"0ab453e086fe4d3f8bd14ce240a65602","NtfsIdentityMissingShareGate","share-WINSERVER-SSEnt0002","0c9d07e09d8c49539f2259edc50e212a","NT AUTHORITY\Authenticated Users","","Modify, Synchronize","High","NTFS grants rights to an identity that does not appear in the share-level permission gate."
"e03dd80a8ac14abb919d38d90cdab670","NtfsIdentityMissingShareGate","share-WINSERVER-SSEnt0002","0c9d07e09d8c49539f2259edc50e212a","BUILTIN\Users","","ReadAndExecute, Synchronize","High","NTFS grants rights to an identity that does not appear in the share-level permission gate."
"64fe12f497764bc88fba497332993256","NtfsIdentityMissingShareGate","share-WINSERVER-SSEnt0002","c52131dc2c0042b4a02d25302e230496","LAB\SS-ENT-0002-Editors","","Modify, Synchronize","High","NTFS grants rights to an identity that does not appear in the share-level permission gate."
"f8f5b6e665d84ef680895d91c307d914","NtfsIdentityMissingShareGate","share-WINSERVER-SSEnt0002","c52131dc2c0042b4a02d25302e230496","NT AUTHORITY\SYSTEM","","FullControl","High","NTFS grants rights to an identity that does not appear in the share-level permission gate."
"e05c760071244829a7a3aedb754fa50c","NtfsIdentityMissingShareGate","share-WINSERVER-SSEnt0002","c52131dc2c0042b4a02d25302e230496","NT AUTHORITY\Authenticated Users","","Modify, Synchronize","High","NTFS grants rights to an identity that does not appear in the share-level permission gate."
"c83863784ff84f20b7328f043e659492","NtfsIdentityMissingShareGate","share-WINSERVER-SSEnt0002","c52131dc2c0042b4a02d25302e230496","BUILTIN\Users","","ReadAndExecute, Synchronize","High","NTFS grants rights to an identity that does not appear in the share-level permission gate."
"946c3f9b0ba2465695f61ac98d0a4ad8","NtfsIdentityMissingShareGate","share-WINSERVER-SSEnt0002","2cc05095e5474a1da8c74ac275dd841d","LAB\SS-ENT-0002-Editors","","Modify, Synchronize","High","NTFS grants rights to an identity that does not appear in the share-level permission gate."
"11e1f1a00cd34c79a1c7fa7862c344f1","NtfsIdentityMissingShareGate","share-WINSERVER-SSEnt0002","2cc05095e5474a1da8c74ac275dd841d","NT AUTHORITY\SYSTEM","","FullControl","High","NTFS grants rights to an identity that does not appear in the share-level permission gate."
"783c5c622e5f42fd9483114c900f2097","NtfsIdentityMissingShareGate","share-WINSERVER-SSEnt0002","2cc05095e5474a1da8c74ac275dd841d","NT AUTHORITY\Authenticated Users","","Modify, Synchronize","High","NTFS grants rights to an identity that does not appear in the share-level permission gate."
"e22c7c2919934137945f257ec80f05bf","NtfsIdentityMissingShareGate","share-WINSERVER-SSEnt0002","2cc05095e5474a1da8c74ac275dd841d","BUILTIN\Users","","ReadAndExecute, Synchronize","High","NTFS grants rights to an identity that does not appear in the share-level permission gate."
"ad5535c6d81e499f94789db7876e3c98","NtfsIdentityMissingShareGate","share-WINSERVER-SSEnt0002","fc4123b2ad0b4987b4ba37129f63b26a","LAB\SS-ENT-0002-Editors","","Modify, Synchronize","High","NTFS grants rights to an identity that does not appear in the share-level permission gate."
"8f7813a398284b7da321e884f74e1d1f","NtfsIdentityMissingShareGate","share-WINSERVER-SSEnt0002","fc4123b2ad0b4987b4ba37129f63b26a","NT AUTHORITY\SYSTEM","","FullControl","High","NTFS grants rights to an identity that does not appear in the share-level permission gate."
"c3862011375a4be1afdbd645cf7ae3c6","NtfsIdentityMissingShareGate","share-WINSERVER-SSEnt0002","fc4123b2ad0b4987b4ba37129f63b26a","NT AUTHORITY\Authenticated Users","","Modify, Synchronize","High","NTFS grants rights to an identity that does not appear in the share-level permission gate."
"2e5fea1acf9d411a85562326928dd588","NtfsIdentityMissingShareGate","share-WINSERVER-SSEnt0002","fc4123b2ad0b4987b4ba37129f63b26a","BUILTIN\Users","","ReadAndExecute, Synchronize","High","NTFS grants rights to an identity that does not appear in the share-level permission gate."
"83402970292b4d5c8ce7fc2f4dadfb9a","NtfsIdentityMissingShareGate","share-WINSERVER-SSEnt0002","191af6a0aebe49c2ac0a21a94eedb380","LAB\SS-ENT-0002-Editors","","Modify, Synchronize","High","NTFS grants rights to an identity that does not appear in the share-level permission gate."
"01ece39066cb438d8219b25f07566fde","NtfsIdentityMissingShareGate","share-WINSERVER-SSEnt0002","191af6a0aebe49c2ac0a21a94eedb380","NT AUTHORITY\SYSTEM","","FullControl","High","NTFS grants rights to an identity that does not appear in the share-level permission gate."
"13fbca13bca94096837130973e7e0ed9","NtfsIdentityMissingShareGate","share-WINSERVER-SSEnt0002","191af6a0aebe49c2ac0a21a94eedb380","NT AUTHORITY\Authenticated Users","","Modify, Synchronize","High","NTFS grants rights to an identity that does not appear in the share-level permission gate."
"5fe2cf566ab0401abbe6b441f19293be","NtfsIdentityMissingShareGate","share-WINSERVER-SSEnt0002","191af6a0aebe49c2ac0a21a94eedb380","BUILTIN\Users","","ReadAndExecute, Synchronize","High","NTFS grants rights to an identity that does not appear in the share-level permission gate."
"0492fc7755904a759cc48bdd6a08549d","NtfsIdentityMissingShareGate","share-WINSERVER-SSEnt0002","66384660aa9542e58d740aa9569227b3","LAB\SS-ENT-0002-Editors","","Modify, Synchronize","High","NTFS grants rights to an identity that does not appear in the share-level permission gate."
"8f44f3eaeb7a4e1aa608d77ecd9702d7","NtfsIdentityMissingShareGate","share-WINSERVER-SSEnt0002","66384660aa9542e58d740aa9569227b3","NT AUTHORITY\SYSTEM","","FullControl","High","NTFS grants rights to an identity that does not appear in the share-level permission gate."
"563b097eacb3440bb921dc53a8f94997","NtfsIdentityMissingShareGate","share-WINSERVER-SSEnt0002","66384660aa9542e58d740aa9569227b3","NT AUTHORITY\Authenticated Users","","Modify, Synchronize","High","NTFS grants rights to an identity that does not appear in the share-level permission gate."
"8d7e85a71d93419b9ab7a6b6224caa31","NtfsIdentityMissingShareGate","share-WINSERVER-SSEnt0002","66384660aa9542e58d740aa9569227b3","BUILTIN\Users","","ReadAndExecute, Synchronize","High","NTFS grants rights to an identity that does not appear in the share-level permission gate."
"6cf9d76923f84669bcf6dd7312f57e83","NtfsIdentityMissingShareGate","share-WINSERVER-SSEnt0002","448b2ee01c2f46a88003efa29e9394b1","LAB\SS-ENT-0002-Editors","","Modify, Synchronize","High","NTFS grants rights to an identity that does not appear in the share-level permission gate."
"442e425acac44c9aa5e40ad746191fac","NtfsIdentityMissingShareGate","share-WINSERVER-SSEnt0002","448b2ee01c2f46a88003efa29e9394b1","NT AUTHORITY\SYSTEM","","FullControl","High","NTFS grants rights to an identity that does not appear in the share-level permission gate."
"c057ed5ec7b641ad88b850e8473fe4a8","NtfsIdentityMissingShareGate","share-WINSERVER-SSEnt0002","448b2ee01c2f46a88003efa29e9394b1","NT AUTHORITY\Authenticated Users","","Modify, Synchronize","High","NTFS grants rights to an identity that does not appear in the share-level permission gate."
"ac635ed32e1a4d239837eae920c7247a","NtfsIdentityMissingShareGate","share-WINSERVER-SSEnt0002","448b2ee01c2f46a88003efa29e9394b1","BUILTIN\Users","","ReadAndExecute, Synchronize","High","NTFS grants rights to an identity that does not appear in the share-level permission gate."
"5859c7d86a3144dcae84efc1777a1964","NtfsIdentityMissingShareGate","share-WINSERVER-SSEnt0002","84514f29e0fe4f52a5197ff4ceb8f137","LAB\SS-ENT-0002-Editors","","Modify, Synchronize","High","NTFS grants rights to an identity that does not appear in the share-level permission gate."
"bc461997ff614ac09dfa98cc5b73bb75","NtfsIdentityMissingShareGate","share-WINSERVER-SSEnt0002","84514f29e0fe4f52a5197ff4ceb8f137","NT AUTHORITY\SYSTEM","","FullControl","High","NTFS grants rights to an identity that does not appear in the share-level permission gate."
"b7a2942d7c104865a46c256cf5a2a890","NtfsIdentityMissingShareGate","share-WINSERVER-SSEnt0002","84514f29e0fe4f52a5197ff4ceb8f137","NT AUTHORITY\Authenticated Users","","Modify, Synchronize","High","NTFS grants rights to an identity that does not appear in the share-level permission gate."
"ff8235406848487e974f9732ce90775f","NtfsIdentityMissingShareGate","share-WINSERVER-SSEnt0002","84514f29e0fe4f52a5197ff4ceb8f137","BUILTIN\Users","","ReadAndExecute, Synchronize","High","NTFS grants rights to an identity that does not appear in the share-level permission gate."
"0a7997aba6d54dc19f6aa67f82b04340","NtfsIdentityMissingShareGate","share-WINSERVER-SSEnt0002","3f7b0dc23f1044eeb43be36c52e0fb80","LAB\SS-ENT-0002-Editors","","Modify, Synchronize","High","NTFS grants rights to an identity that does not appear in the share-level permission gate."
"27f436af978d49bbb3f7705da7cc71bb","NtfsIdentityMissingShareGate","share-WINSERVER-SSEnt0002","3f7b0dc23f1044eeb43be36c52e0fb80","NT AUTHORITY\SYSTEM","","FullControl","High","NTFS grants rights to an identity that does not appear in the share-level permission gate."
"d5e5b45fa83f4a79b543e0bcfe1efa12","NtfsIdentityMissingShareGate","share-WINSERVER-SSEnt0002","3f7b0dc23f1044eeb43be36c52e0fb80","NT AUTHORITY\Authenticated Users","","Modify, Synchronize","High","NTFS grants rights to an identity that does not appear in the share-level permission gate."
"0bd9dc03545843d38c75d6aced46cefa","NtfsIdentityMissingShareGate","share-WINSERVER-SSEnt0002","3f7b0dc23f1044eeb43be36c52e0fb80","BUILTIN\Users","","ReadAndExecute, Synchronize","High","NTFS grants rights to an identity that does not appear in the share-level permission gate."
"e4431296025c44f6b6ba391165dc26af","ShareIdentityMissingNtfsEntry","share-WINSERVER-SSEnt0001","","LAB\SS-ENT-0001-Readers","Change","","Info","Share-level rights exist for an identity that was not observed in NTFS ACL entries for this share."
"97556fd5d2b340428e0032b7dc0297dc","ShareIdentityMissingNtfsEntry","share-WINSERVER-SSEnt0002","","LAB\SS-ENT-0002-Readers","Change","","Info","Share-level rights exist for an identity that was not observed in NTFS ACL entries for this share."
