"Identity","EmployeeId","EmployeeNumber","Department","Title","Company","ManagerLevel1","ManagerLevel2","ObsPath","ObsAttribute"
"LAB\SS-Finance-Readers","","","","","","","","CORP.FIN.ACCESS.READ","info"
"LAB\Ava.Accounting","E1001","1001","","","","CN=Morgan Manager,OU=ShareSurferLab,DC=lab,DC=contoso,DC=com","CN=Riley Director,OU=ShareSurferLab,DC=lab,DC=contoso,DC=com","CORP.FIN.AP","info"
"LAB\Noah.Payroll","E1002","1002","","","","CN=Morgan Manager,OU=ShareSurferLab,DC=lab,DC=contoso,DC=com","CN=Riley Director,OU=ShareSurferLab,DC=lab,DC=contoso,DC=com","CORP.FIN.PAY","info"
"LAB\SS-Eng-Readers","","","","","","","","CORP.ENG.ACCESS.READ","info"
"LAB\Mia.Engineering","E2001","2001","","","","CN=Parker Manager,OU=ShareSurferLab,DC=lab,DC=contoso,DC=com","CN=Riley Director,OU=ShareSurferLab,DC=lab,DC=contoso,DC=com","CORP.ENG.PLAT","info"
"LAB\Parker.Manager","M2001","9002","","","","CN=Riley Director,OU=ShareSurferLab,DC=lab,DC=contoso,DC=com","","CORP.ENG","info"
"LAB\SS-Operations-Owners","","","","","","","","CORP.OPS.ACCESS.OWNER","info"
"LAB\Leo.Operations","E3001","3001","","","","CN=Quinn Manager,OU=ShareSurferLab,DC=lab,DC=contoso,DC=com","CN=Riley Director,OU=ShareSurferLab,DC=lab,DC=contoso,DC=com","CORP.OPS.FILE","info"
"LAB\Quinn.Manager","M3001","9003","","","","CN=Riley Director,OU=ShareSurferLab,DC=lab,DC=contoso,DC=com","","CORP.OPS","info"
"LAB\SS-ENT-0001-Readers","","","","","","","","CORP.ENT.SHARE0001.READ","info"
"LAB\SSUser00001","E0000001","0000001","","","","CN=Morgan Manager,OU=ShareSurferLab,DC=lab,DC=contoso,DC=com","CN=Riley Director,OU=ShareSurferLab,DC=lab,DC=contoso,DC=com","CORP.FIN.UNIT001","info"
"LAB\SSUser00002","E0000002","0000002","","","","CN=Parker Manager,OU=ShareSurferLab,DC=lab,DC=contoso,DC=com","CN=Riley Director,OU=ShareSurferLab,DC=lab,DC=contoso,DC=com","CORP.ENG.UNIT011","info"
"LAB\SS-ENT-0002-Readers","","","","","","","","CORP.ENT.SHARE0002.READ","info"
"LAB\SSUser00003","E0000003","0000003","","","","CN=Quinn Manager,OU=ShareSurferLab,DC=lab,DC=contoso,DC=com","CN=Riley Director,OU=ShareSurferLab,DC=lab,DC=contoso,DC=com","CORP.OPS.UNIT021","info"
"LAB\SS-ENT-0003-Readers","","","","","","","","CORP.ENT.SHARE0003.READ","info"
"LAB\SSUser00004","E0000004","0000004","","","","CN=Morgan Manager,OU=ShareSurferLab,DC=lab,DC=contoso,DC=com","CN=Riley Director,OU=ShareSurferLab,DC=lab,DC=contoso,DC=com","CORP.HR.UNIT031","info"
"LAB\SS-ENT-0004-Readers","","","","","","","","CORP.ENT.SHARE0004.READ","info"
"LAB\SSUser00005","E0000005","0000005","","","","CN=Parker Manager,OU=ShareSurferLab,DC=lab,DC=contoso,DC=com","CN=Riley Director,OU=ShareSurferLab,DC=lab,DC=contoso,DC=com","CORP.LEGAL.UNIT041","info"
"LAB\SS-ENT-0005-Readers","","","","","","","","CORP.ENT.SHARE0005.READ","info"
"LAB\SSUser00006","E0000006","0000006","","","","CN=Quinn Manager,OU=ShareSurferLab,DC=lab,DC=contoso,DC=com","CN=Riley Director,OU=ShareSurferLab,DC=lab,DC=contoso,DC=com","CORP.SALES.UNIT051","info"
"LAB\SS-ENT-0006-Readers","","","","","","","","CORP.ENT.SHARE0006.READ","info"
"LAB\SSUser00007","E0000007","0000007","","","","CN=Morgan Manager,OU=ShareSurferLab,DC=lab,DC=contoso,DC=com","CN=Riley Director,OU=ShareSurferLab,DC=lab,DC=contoso,DC=com","CORP.MKT.UNIT061","info"
"LAB\SS-ENT-0007-Readers","","","","","","","","CORP.ENT.SHARE0007.READ","info"
"LAB\SSUser00008","E0000008","0000008","","","","CN=Parker Manager,OU=ShareSurferLab,DC=lab,DC=contoso,DC=com","CN=Riley Director,OU=ShareSurferLab,DC=lab,DC=contoso,DC=com","CORP.RISK.UNIT071","info"
"LAB\SS-ENT-0008-Readers","","","","","","","","CORP.ENT.SHARE0008.READ","info"
"LAB\SSUser00009","E0000009","0000009","","","","CN=Quinn Manager,OU=ShareSurferLab,DC=lab,DC=contoso,DC=com","CN=Riley Director,OU=ShareSurferLab,DC=lab,DC=contoso,DC=com","CORP.FIN.UNIT081","info"
"LAB\SS-ENT-0009-Readers","","","","","","","","CORP.ENT.SHARE0009.READ","info"
"LAB\SSUser00010","E0000010","0000010","","","","CN=Morgan Manager,OU=ShareSurferLab,DC=lab,DC=contoso,DC=com","CN=Riley Director,OU=ShareSurferLab,DC=lab,DC=contoso,DC=com","CORP.ENG.UNIT091","info"
"LAB\SS-ENT-0010-Readers","","","","","","","","CORP.ENT.SHARE0010.READ","info"
"LAB\SSUser00011","E0000011","0000011","","","","CN=Parker Manager,OU=ShareSurferLab,DC=lab,DC=contoso,DC=com","CN=Riley Director,OU=ShareSurferLab,DC=lab,DC=contoso,DC=com","CORP.OPS.UNIT101","info"
"LAB\SS-ENT-0011-Readers","","","","","","","","CORP.ENT.SHARE0011.READ","info"
"LAB\SSUser00012","E0000012","0000012","","","","CN=Quinn Manager,OU=ShareSurferLab,DC=lab,DC=contoso,DC=com","CN=Riley Director,OU=ShareSurferLab,DC=lab,DC=contoso,DC=com","CORP.HR.UNIT111","info"
"LAB\SS-ENT-0012-Readers","","","","","","","","CORP.ENT.SHARE0012.READ","info"
"LAB\SSUser00013","E0000013","0000013","","","","CN=Morgan Manager,OU=ShareSurferLab,DC=lab,DC=contoso,DC=com","CN=Riley Director,OU=ShareSurferLab,DC=lab,DC=contoso,DC=com","CORP.LEGAL.UNIT121","info"
"LAB\SS-ENT-0013-Readers","","","","","","","","CORP.ENT.SHARE0013.READ","info"
"LAB\SSUser00014","E0000014","0000014","","","","CN=Parker Manager,OU=ShareSurferLab,DC=lab,DC=contoso,DC=com","CN=Riley Director,OU=ShareSurferLab,DC=lab,DC=contoso,DC=com","CORP.SALES.UNIT131","info"
"LAB\SS-ENT-0014-Readers","","","","","","","","CORP.ENT.SHARE0014.READ","info"
"LAB\SSUser00015","E0000015","0000015","","","","CN=Quinn Manager,OU=ShareSurferLab,DC=lab,DC=contoso,DC=com","CN=Riley Director,OU=ShareSurferLab,DC=lab,DC=contoso,DC=com","CORP.MKT.UNIT141","info"
"LAB\SS-ENT-0015-Readers","","","","","","","","CORP.ENT.SHARE0015.READ","info"
"LAB\SSUser00016","E0000016","0000016","","","","CN=Morgan Manager,OU=ShareSurferLab,DC=lab,DC=contoso,DC=com","CN=Riley Director,OU=ShareSurferLab,DC=lab,DC=contoso,DC=com","CORP.RISK.UNIT151","info"
"LAB\SS-ENT-0016-Readers","","","","","","","","CORP.ENT.SHARE0016.READ","info"
"LAB\SSUser00017","E0000017","0000017","","","","CN=Parker Manager,OU=ShareSurferLab,DC=lab,DC=contoso,DC=com","CN=Riley Director,OU=ShareSurferLab,DC=lab,DC=contoso,DC=com","CORP.FIN.UNIT161","info"
"LAB\SS-ENT-0017-Readers","","","","","","","","CORP.ENT.SHARE0017.READ","info"
"LAB\SSUser00018","E0000018","0000018","","","","CN=Quinn Manager,OU=ShareSurferLab,DC=lab,DC=contoso,DC=com","CN=Riley Director,OU=ShareSurferLab,DC=lab,DC=contoso,DC=com","CORP.ENG.UNIT171","info"
"LAB\SS-ENT-0018-Readers","","","","","","","","CORP.ENT.SHARE0018.READ","info"
"LAB\SSUser00019","E0000019","0000019","","","","CN=Morgan Manager,OU=ShareSurferLab,DC=lab,DC=contoso,DC=com","CN=Riley Director,OU=ShareSurferLab,DC=lab,DC=contoso,DC=com","CORP.OPS.UNIT181","info"
"LAB\SS-ENT-0019-Readers","","","","","","","","CORP.ENT.SHARE0019.READ","info"
"LAB\SSUser00020","E0000020","0000020","","","","CN=Parker Manager,OU=ShareSurferLab,DC=lab,DC=contoso,DC=com","CN=Riley Director,OU=ShareSurferLab,DC=lab,DC=contoso,DC=com","CORP.HR.UNIT191","info"
"LAB\SS-ENT-0020-Readers","","","","","","","","CORP.ENT.SHARE0020.READ","info"
"LAB\SSUser00021","E0000021","0000021","","","","CN=Quinn Manager,OU=ShareSurferLab,DC=lab,DC=contoso,DC=com","CN=Riley Director,OU=ShareSurferLab,DC=lab,DC=contoso,DC=com","CORP.LEGAL.UNIT201","info"
"LAB\SS-ENT-0021-Readers","","","","","","","","CORP.ENT.SHARE0021.READ","info"
"LAB\SSUser00022","E0000022","0000022","","","","CN=Morgan Manager,OU=ShareSurferLab,DC=lab,DC=contoso,DC=com","CN=Riley Director,OU=ShareSurferLab,DC=lab,DC=contoso,DC=com","CORP.SALES.UNIT211","info"
"LAB\SS-ENT-0022-Readers","","","","","","","","CORP.ENT.SHARE0022.READ","info"
"LAB\SSUser00023","E0000023","0000023","","","","CN=Parker Manager,OU=ShareSurferLab,DC=lab,DC=contoso,DC=com","CN=Riley Director,OU=ShareSurferLab,DC=lab,DC=contoso,DC=com","CORP.MKT.UNIT221","info"
"LAB\SS-ENT-0023-Readers","","","","","","","","CORP.ENT.SHARE0023.READ","info"
"LAB\SSUser00024","E0000024","0000024","","","","CN=Quinn Manager,OU=ShareSurferLab,DC=lab,DC=contoso,DC=com","CN=Riley Director,OU=ShareSurferLab,DC=lab,DC=contoso,DC=com","CORP.RISK.UNIT231","info"
"LAB\SS-ENT-0024-Readers","","","","","","","","CORP.ENT.SHARE0024.READ","info"
"LAB\SSUser00025","E0000025","0000025","","","","CN=Morgan Manager,OU=ShareSurferLab,DC=lab,DC=contoso,DC=com","CN=Riley Director,OU=ShareSurferLab,DC=lab,DC=contoso,DC=com","CORP.FIN.UNIT241","info"
"LAB\SS-ENT-0025-Readers","","","","","","","","CORP.ENT.SHARE0025.READ","info"
"LAB\SSUser00026","E0000026","0000026","","","","CN=Parker Manager,OU=ShareSurferLab,DC=lab,DC=contoso,DC=com","CN=Riley Director,OU=ShareSurferLab,DC=lab,DC=contoso,DC=com","CORP.ENG.UNIT001","info"
"LAB\SS-ENT-0026-Readers","","","","","","","","CORP.ENT.SHARE0026.READ","info"
"LAB\SSUser00027","E0000027","0000027","","","","CN=Quinn Manager,OU=ShareSurferLab,DC=lab,DC=contoso,DC=com","CN=Riley Director,OU=ShareSurferLab,DC=lab,DC=contoso,DC=com","CORP.OPS.UNIT011","info"
"LAB\SS-ENT-0027-Readers","","","","","","","","CORP.ENT.SHARE0027.READ","info"
"LAB\SSUser00028","E0000028","0000028","","","","CN=Morgan Manager,OU=ShareSurferLab,DC=lab,DC=contoso,DC=com","CN=Riley Director,OU=ShareSurferLab,DC=lab,DC=contoso,DC=com","CORP.HR.UNIT021","info"
"LAB\SS-ENT-0028-Readers","","","","","","","","CORP.ENT.SHARE0028.READ","info"
"LAB\SSUser00029","E0000029","0000029","","","","CN=Parker Manager,OU=ShareSurferLab,DC=lab,DC=contoso,DC=com","CN=Riley Director,OU=ShareSurferLab,DC=lab,DC=contoso,DC=com","CORP.LEGAL.UNIT031","info"
"LAB\SS-ENT-0029-Readers","","","","","","","","CORP.ENT.SHARE0029.READ","info"
"LAB\SSUser00030","E0000030","0000030","","","","CN=Quinn Manager,OU=ShareSurferLab,DC=lab,DC=contoso,DC=com","CN=Riley Director,OU=ShareSurferLab,DC=lab,DC=contoso,DC=com","CORP.SALES.UNIT041","info"
"LAB\SS-ENT-0030-Readers","","","","","","","","CORP.ENT.SHARE0030.READ","info"
"LAB\SSUser00031","E0000031","0000031","","","","CN=Morgan Manager,OU=ShareSurferLab,DC=lab,DC=contoso,DC=com","CN=Riley Director,OU=ShareSurferLab,DC=lab,DC=contoso,DC=com","CORP.MKT.UNIT051","info"
"LAB\SS-ENT-0031-Readers","","","","","","","","CORP.ENT.SHARE0031.READ","info"
"LAB\SSUser00032","E0000032","0000032","","","","CN=Parker Manager,OU=ShareSurferLab,DC=lab,DC=contoso,DC=com","CN=Riley Director,OU=ShareSurferLab,DC=lab,DC=contoso,DC=com","CORP.RISK.UNIT061","info"
"LAB\SS-ENT-0032-Readers","","","","","","","","CORP.ENT.SHARE0032.READ","info"
"LAB\SSUser00033","E0000033","0000033","","","","CN=Quinn Manager,OU=ShareSurferLab,DC=lab,DC=contoso,DC=com","CN=Riley Director,OU=ShareSurferLab,DC=lab,DC=contoso,DC=com","CORP.FIN.UNIT071","info"
"LAB\SS-ENT-0033-Readers","","","","","","","","CORP.ENT.SHARE0033.READ","info"
"LAB\SSUser00034","E0000034","0000034","","","","CN=Morgan Manager,OU=ShareSurferLab,DC=lab,DC=contoso,DC=com","CN=Riley Director,OU=ShareSurferLab,DC=lab,DC=contoso,DC=com","CORP.ENG.UNIT081","info"
"LAB\SS-ENT-0034-Readers","","","","","","","","CORP.ENT.SHARE0034.READ","info"
"LAB\SSUser00035","E0000035","0000035","","","","CN=Parker Manager,OU=ShareSurferLab,DC=lab,DC=contoso,DC=com","CN=Riley Director,OU=ShareSurferLab,DC=lab,DC=contoso,DC=com","CORP.OPS.UNIT091","info"
"LAB\SS-ENT-0035-Readers","","","","","","","","CORP.ENT.SHARE0035.READ","info"
"LAB\SSUser00036","E0000036","0000036","","","","CN=Quinn Manager,OU=ShareSurferLab,DC=lab,DC=contoso,DC=com","CN=Riley Director,OU=ShareSurferLab,DC=lab,DC=contoso,DC=com","CORP.HR.UNIT101","info"
"LAB\SS-ENT-0036-Readers","","","","","","","","CORP.ENT.SHARE0036.READ","info"
"LAB\SSUser00037","E0000037","0000037","","","","CN=Morgan Manager,OU=ShareSurferLab,DC=lab,DC=contoso,DC=com","CN=Riley Director,OU=ShareSurferLab,DC=lab,DC=contoso,DC=com","CORP.LEGAL.UNIT111","info"
"LAB\SS-ENT-0037-Readers","","","","","","","","CORP.ENT.SHARE0037.READ","info"
"LAB\SSUser00038","E0000038","0000038","","","","CN=Parker Manager,OU=ShareSurferLab,DC=lab,DC=contoso,DC=com","CN=Riley Director,OU=ShareSurferLab,DC=lab,DC=contoso,DC=com","CORP.SALES.UNIT121","info"
"LAB\SS-ENT-0038-Readers","","","","","","","","CORP.ENT.SHARE0038.READ","info"
"LAB\SSUser00039","E0000039","0000039","","","","CN=Quinn Manager,OU=ShareSurferLab,DC=lab,DC=contoso,DC=com","CN=Riley Director,OU=ShareSurferLab,DC=lab,DC=contoso,DC=com","CORP.MKT.UNIT131","info"
"LAB\SS-ENT-0039-Readers","","","","","","","","CORP.ENT.SHARE0039.READ","info"
"LAB\SSUser00040","E0000040","0000040","","","","CN=Morgan Manager,OU=ShareSurferLab,DC=lab,DC=contoso,DC=com","CN=Riley Director,OU=ShareSurferLab,DC=lab,DC=contoso,DC=com","CORP.RISK.UNIT141","info"
"LAB\SS-ENT-0040-Readers","","","","","","","","CORP.ENT.SHARE0040.READ","info"
"LAB\SSUser00041","E0000041","0000041","","","","CN=Parker Manager,OU=ShareSurferLab,DC=lab,DC=contoso,DC=com","CN=Riley Director,OU=ShareSurferLab,DC=lab,DC=contoso,DC=com","CORP.FIN.UNIT151","info"
"LAB\SS-ENT-0041-Readers","","","","","","","","CORP.ENT.SHARE0041.READ","info"
"LAB\SSUser00042","E0000042","0000042","","","","CN=Quinn Manager,OU=ShareSurferLab,DC=lab,DC=contoso,DC=com","CN=Riley Director,OU=ShareSurferLab,DC=lab,DC=contoso,DC=com","CORP.ENG.UNIT161","info"
"LAB\SS-ENT-0042-Readers","","","","","","","","CORP.ENT.SHARE0042.READ","info"
"LAB\SSUser00043","E0000043","0000043","","","","CN=Morgan Manager,OU=ShareSurferLab,DC=lab,DC=contoso,DC=com","CN=Riley Director,OU=ShareSurferLab,DC=lab,DC=contoso,DC=com","CORP.OPS.UNIT171","info"
"LAB\SS-ENT-0043-Readers","","","","","","","","CORP.ENT.SHARE0043.READ","info"
"LAB\SSUser00044","E0000044","0000044","","","","CN=Parker Manager,OU=ShareSurferLab,DC=lab,DC=contoso,DC=com","CN=Riley Director,OU=ShareSurferLab,DC=lab,DC=contoso,DC=com","CORP.HR.UNIT181","info"
"LAB\SS-ENT-0044-Readers","","","","","","","","CORP.ENT.SHARE0044.READ","info"
"LAB\SSUser00045","E0000045","0000045","","","","CN=Quinn Manager,OU=ShareSurferLab,DC=lab,DC=contoso,DC=com","CN=Riley Director,OU=ShareSurferLab,DC=lab,DC=contoso,DC=com","CORP.LEGAL.UNIT191","info"
"LAB\SS-ENT-0045-Readers","","","","","","","","CORP.ENT.SHARE0045.READ","info"
"LAB\SSUser00046","E0000046","0000046","","","","CN=Morgan Manager,OU=ShareSurferLab,DC=lab,DC=contoso,DC=com","CN=Riley Director,OU=ShareSurferLab,DC=lab,DC=contoso,DC=com","CORP.SALES.UNIT201","info"
"LAB\SS-ENT-0046-Readers","","","","","","","","CORP.ENT.SHARE0046.READ","info"
"LAB\SSUser00047","E0000047","0000047","","","","CN=Parker Manager,OU=ShareSurferLab,DC=lab,DC=contoso,DC=com","CN=Riley Director,OU=ShareSurferLab,DC=lab,DC=contoso,DC=com","CORP.MKT.UNIT211","info"
"LAB\SS-ENT-0047-Readers","","","","","","","","CORP.ENT.SHARE0047.READ","info"
"LAB\SSUser00048","E0000048","0000048","","","","CN=Quinn Manager,OU=ShareSurferLab,DC=lab,DC=contoso,DC=com","CN=Riley Director,OU=ShareSurferLab,DC=lab,DC=contoso,DC=com","CORP.RISK.UNIT221","info"
"LAB\SS-ENT-0048-Readers","","","","","","","","CORP.ENT.SHARE0048.READ","info"
"LAB\SSUser00049","E0000049","0000049","","","","CN=Morgan Manager,OU=ShareSurferLab,DC=lab,DC=contoso,DC=com","CN=Riley Director,OU=ShareSurferLab,DC=lab,DC=contoso,DC=com","CORP.FIN.UNIT231","info"
"LAB\SS-ENT-0049-Readers","","","","","","","","CORP.ENT.SHARE0049.READ","info"
"LAB\SSUser00050","E0000050","0000050","","","","CN=Parker Manager,OU=ShareSurferLab,DC=lab,DC=contoso,DC=com","CN=Riley Director,OU=ShareSurferLab,DC=lab,DC=contoso,DC=com","CORP.ENG.UNIT241","info"
"LAB\SS-ENT-0050-Readers","","","","","","","","CORP.ENT.SHARE0050.READ","info"
"LAB\SSUser00051","E0000051","0000051","","","","CN=Quinn Manager,OU=ShareSurferLab,DC=lab,DC=contoso,DC=com","CN=Riley Director,OU=ShareSurferLab,DC=lab,DC=contoso,DC=com","CORP.OPS.UNIT001","info"
"LAB\SS-ENT-0051-Readers","","","","","","","","CORP.ENT.SHARE0051.READ","info"
"LAB\SSUser00052","E0000052","0000052","","","","CN=Morgan Manager,OU=ShareSurferLab,DC=lab,DC=contoso,DC=com","CN=Riley Director,OU=ShareSurferLab,DC=lab,DC=contoso,DC=com","CORP.HR.UNIT011","info"
"LAB\SS-ENT-0052-Readers","","","","","","","","CORP.ENT.SHARE0052.READ","info"
"LAB\SSUser00053","E0000053","0000053","","","","CN=Parker Manager,OU=ShareSurferLab,DC=lab,DC=contoso,DC=com","CN=Riley Director,OU=ShareSurferLab,DC=lab,DC=contoso,DC=com","CORP.LEGAL.UNIT021","info"
"LAB\SS-ENT-0053-Readers","","","","","","","","CORP.ENT.SHARE0053.READ","info"
"LAB\SSUser00054","E0000054","0000054","","","","CN=Quinn Manager,OU=ShareSurferLab,DC=lab,DC=contoso,DC=com","CN=Riley Director,OU=ShareSurferLab,DC=lab,DC=contoso,DC=com","CORP.SALES.UNIT031","info"
"LAB\SS-ENT-0054-Readers","","","","","","","","CORP.ENT.SHARE0054.READ","info"
"LAB\SSUser00055","E0000055","0000055","","","","CN=Morgan Manager,OU=ShareSurferLab,DC=lab,DC=contoso,DC=com","CN=Riley Director,OU=ShareSurferLab,DC=lab,DC=contoso,DC=com","CORP.MKT.UNIT041","info"
"LAB\SS-ENT-0055-Readers","","","","","","","","CORP.ENT.SHARE0055.READ","info"
"LAB\SSUser00056","E0000056","0000056","","","","CN=Parker Manager,OU=ShareSurferLab,DC=lab,DC=contoso,DC=com","CN=Riley Director,OU=ShareSurferLab,DC=lab,DC=contoso,DC=com","CORP.RISK.UNIT051","info"
"LAB\SS-ENT-0056-Readers","","","","","","","","CORP.ENT.SHARE0056.READ","info"
"LAB\SSUser00057","E0000057","0000057","","","","CN=Quinn Manager,OU=ShareSurferLab,DC=lab,DC=contoso,DC=com","CN=Riley Director,OU=ShareSurferLab,DC=lab,DC=contoso,DC=com","CORP.FIN.UNIT061","info"
"LAB\SS-ENT-0057-Readers","","","","","","","","CORP.ENT.SHARE0057.READ","info"
"LAB\SSUser00058","E0000058","0000058","","","","CN=Morgan Manager,OU=ShareSurferLab,DC=lab,DC=contoso,DC=com","CN=Riley Director,OU=ShareSurferLab,DC=lab,DC=contoso,DC=com","CORP.ENG.UNIT071","info"
"LAB\SS-ENT-0058-Readers","","","","","","","","CORP.ENT.SHARE0058.READ","info"
"LAB\SSUser00059","E0000059","0000059","","","","CN=Parker Manager,OU=ShareSurferLab,DC=lab,DC=contoso,DC=com","CN=Riley Director,OU=ShareSurferLab,DC=lab,DC=contoso,DC=com","CORP.OPS.UNIT081","info"
"LAB\SS-ENT-0059-Readers","","","","","","","","CORP.ENT.SHARE0059.READ","info"
"LAB\SSUser00060","E0000060","0000060","","","","CN=Quinn Manager,OU=ShareSurferLab,DC=lab,DC=contoso,DC=com","CN=Riley Director,OU=ShareSurferLab,DC=lab,DC=contoso,DC=com","CORP.HR.UNIT091","info"
"LAB\SS-ENT-0060-Readers","","","","","","","","CORP.ENT.SHARE0060.READ","info"
"LAB\SSUser00061","E0000061","0000061","","","","CN=Morgan Manager,OU=ShareSurferLab,DC=lab,DC=contoso,DC=com","CN=Riley Director,OU=ShareSurferLab,DC=lab,DC=contoso,DC=com","CORP.LEGAL.UNIT101","info"
"LAB\SS-ENT-0061-Readers","","","","","","","","CORP.ENT.SHARE0061.READ","info"
"LAB\SSUser00062","E0000062","0000062","","","","CN=Parker Manager,OU=ShareSurferLab,DC=lab,DC=contoso,DC=com","CN=Riley Director,OU=ShareSurferLab,DC=lab,DC=contoso,DC=com","CORP.SALES.UNIT111","info"
"LAB\SS-ENT-0062-Readers","","","","","","","","CORP.ENT.SHARE0062.READ","info"
"LAB\SSUser00063","E0000063","0000063","","","","CN=Quinn Manager,OU=ShareSurferLab,DC=lab,DC=contoso,DC=com","CN=Riley Director,OU=ShareSurferLab,DC=lab,DC=contoso,DC=com","CORP.MKT.UNIT121","info"
"LAB\SS-ENT-0063-Readers","","","","","","","","CORP.ENT.SHARE0063.READ","info"
"LAB\SSUser00064","E0000064","0000064","","","","CN=Morgan Manager,OU=ShareSurferLab,DC=lab,DC=contoso,DC=com","CN=Riley Director,OU=ShareSurferLab,DC=lab,DC=contoso,DC=com","CORP.RISK.UNIT131","info"
"LAB\SS-ENT-0064-Readers","","","","","","","","CORP.ENT.SHARE0064.READ","info"
"LAB\SSUser00065","E0000065","0000065","","","","CN=Parker Manager,OU=ShareSurferLab,DC=lab,DC=contoso,DC=com","CN=Riley Director,OU=ShareSurferLab,DC=lab,DC=contoso,DC=com","CORP.FIN.UNIT141","info"
"LAB\SS-ENT-0065-Readers","","","","","","","","CORP.ENT.SHARE0065.READ","info"
"LAB\SSUser00066","E0000066","0000066","","","","CN=Quinn Manager,OU=ShareSurferLab,DC=lab,DC=contoso,DC=com","CN=Riley Director,OU=ShareSurferLab,DC=lab,DC=contoso,DC=com","CORP.ENG.UNIT151","info"
"LAB\SS-ENT-0066-Readers","","","","","","","","CORP.ENT.SHARE0066.READ","info"
"LAB\SSUser00067","E0000067","0000067","","","","CN=Morgan Manager,OU=ShareSurferLab,DC=lab,DC=contoso,DC=com","CN=Riley Director,OU=ShareSurferLab,DC=lab,DC=contoso,DC=com","CORP.OPS.UNIT161","info"
"LAB\SS-ENT-0067-Readers","","","","","","","","CORP.ENT.SHARE0067.READ","info"
"LAB\SSUser00068","E0000068","0000068","","","","CN=Parker Manager,OU=ShareSurferLab,DC=lab,DC=contoso,DC=com","CN=Riley Director,OU=ShareSurferLab,DC=lab,DC=contoso,DC=com","CORP.HR.UNIT171","info"
"LAB\SS-ENT-0068-Readers","","","","","","","","CORP.ENT.SHARE0068.READ","info"
"LAB\SSUser00069","E0000069","0000069","","","","CN=Quinn Manager,OU=ShareSurferLab,DC=lab,DC=contoso,DC=com","CN=Riley Director,OU=ShareSurferLab,DC=lab,DC=contoso,DC=com","CORP.LEGAL.UNIT181","info"
"LAB\SS-ENT-0069-Readers","","","","","","","","CORP.ENT.SHARE0069.READ","info"
"LAB\SSUser00070","E0000070","0000070","","","","CN=Morgan Manager,OU=ShareSurferLab,DC=lab,DC=contoso,DC=com","CN=Riley Director,OU=ShareSurferLab,DC=lab,DC=contoso,DC=com","CORP.SALES.UNIT191","info"
"LAB\SS-ENT-0070-Readers","","","","","","","","CORP.ENT.SHARE0070.READ","info"
"LAB\SSUser00071","E0000071","0000071","","","","CN=Parker Manager,OU=ShareSurferLab,DC=lab,DC=contoso,DC=com","CN=Riley Director,OU=ShareSurferLab,DC=lab,DC=contoso,DC=com","CORP.MKT.UNIT201","info"
"LAB\SS-ENT-0071-Readers","","","","","","","","CORP.ENT.SHARE0071.READ","info"
"LAB\SSUser00072","E0000072","0000072","","","","CN=Quinn Manager,OU=ShareSurferLab,DC=lab,DC=contoso,DC=com","CN=Riley Director,OU=ShareSurferLab,DC=lab,DC=contoso,DC=com","CORP.RISK.UNIT211","info"
"LAB\SS-ENT-0072-Readers","","","","","","","","CORP.ENT.SHARE0072.READ","info"
"LAB\SSUser00073","E0000073","0000073","","","","CN=Morgan Manager,OU=ShareSurferLab,DC=lab,DC=contoso,DC=com","CN=Riley Director,OU=ShareSurferLab,DC=lab,DC=contoso,DC=com","CORP.FIN.UNIT221","info"
"LAB\SS-ENT-0073-Readers","","","","","","","","CORP.ENT.SHARE0073.READ","info"
"LAB\SSUser00074","E0000074","0000074","","","","CN=Parker Manager,OU=ShareSurferLab,DC=lab,DC=contoso,DC=com","CN=Riley Director,OU=ShareSurferLab,DC=lab,DC=contoso,DC=com","CORP.ENG.UNIT231","info"
"LAB\SS-ENT-0074-Readers","","","","","","","","CORP.ENT.SHARE0074.READ","info"
"LAB\SSUser00075","E0000075","0000075","","","","CN=Quinn Manager,OU=ShareSurferLab,DC=lab,DC=contoso,DC=com","CN=Riley Director,OU=ShareSurferLab,DC=lab,DC=contoso,DC=com","CORP.OPS.UNIT241","info"
"LAB\SS-ENT-0075-Readers","","","","","","","","CORP.ENT.SHARE0075.READ","info"
"LAB\SSUser00076","E0000076","0000076","","","","CN=Morgan Manager,OU=ShareSurferLab,DC=lab,DC=contoso,DC=com","CN=Riley Director,OU=ShareSurferLab,DC=lab,DC=contoso,DC=com","CORP.HR.UNIT001","info"
"LAB\SS-ENT-0076-Readers","","","","","","","","CORP.ENT.SHARE0076.READ","info"
"LAB\SSUser00077","E0000077","0000077","","","","CN=Parker Manager,OU=ShareSurferLab,DC=lab,DC=contoso,DC=com","CN=Riley Director,OU=ShareSurferLab,DC=lab,DC=contoso,DC=com","CORP.LEGAL.UNIT011","info"
"LAB\SS-ENT-0077-Readers","","","","","","","","CORP.ENT.SHARE0077.READ","info"
"LAB\SSUser00078","E0000078","0000078","","","","CN=Quinn Manager,OU=ShareSurferLab,DC=lab,DC=contoso,DC=com","CN=Riley Director,OU=ShareSurferLab,DC=lab,DC=contoso,DC=com","CORP.SALES.UNIT021","info"
"LAB\SS-ENT-0078-Readers","","","","","","","","CORP.ENT.SHARE0078.READ","info"
"LAB\SSUser00079","E0000079","0000079","","","","CN=Morgan Manager,OU=ShareSurferLab,DC=lab,DC=contoso,DC=com","CN=Riley Director,OU=ShareSurferLab,DC=lab,DC=contoso,DC=com","CORP.MKT.UNIT031","info"
"LAB\SS-ENT-0079-Readers","","","","","","","","CORP.ENT.SHARE0079.READ","info"
"LAB\SSUser00080","E0000080","0000080","","","","CN=Parker Manager,OU=ShareSurferLab,DC=lab,DC=contoso,DC=com","CN=Riley Director,OU=ShareSurferLab,DC=lab,DC=contoso,DC=com","CORP.RISK.UNIT041","info"
"LAB\SS-ENT-0080-Readers","","","","","","","","CORP.ENT.SHARE0080.READ","info"
"LAB\SSUser00081","E0000081","0000081","","","","CN=Quinn Manager,OU=ShareSurferLab,DC=lab,DC=contoso,DC=com","CN=Riley Director,OU=ShareSurferLab,DC=lab,DC=contoso,DC=com","CORP.FIN.UNIT051","info"
"LAB\SS-ENT-0081-Readers","","","","","","","","CORP.ENT.SHARE0081.READ","info"
"LAB\SSUser00082","E0000082","0000082","","","","CN=Morgan Manager,OU=ShareSurferLab,DC=lab,DC=contoso,DC=com","CN=Riley Director,OU=ShareSurferLab,DC=lab,DC=contoso,DC=com","CORP.ENG.UNIT061","info"
"LAB\SS-ENT-0082-Readers","","","","","","","","CORP.ENT.SHARE0082.READ","info"
"LAB\SSUser00083","E0000083","0000083","","","","CN=Parker Manager,OU=ShareSurferLab,DC=lab,DC=contoso,DC=com","CN=Riley Director,OU=ShareSurferLab,DC=lab,DC=contoso,DC=com","CORP.OPS.UNIT071","info"
"LAB\SS-ENT-0083-Readers","","","","","","","","CORP.ENT.SHARE0083.READ","info"
"LAB\SSUser00084","E0000084","0000084","","","","CN=Quinn Manager,OU=ShareSurferLab,DC=lab,DC=contoso,DC=com","CN=Riley Director,OU=ShareSurferLab,DC=lab,DC=contoso,DC=com","CORP.HR.UNIT081","info"
"LAB\SS-ENT-0084-Readers","","","","","","","","CORP.ENT.SHARE0084.READ","info"
"LAB\SSUser00085","E0000085","0000085","","","","CN=Morgan Manager,OU=ShareSurferLab,DC=lab,DC=contoso,DC=com","CN=Riley Director,OU=ShareSurferLab,DC=lab,DC=contoso,DC=com","CORP.LEGAL.UNIT091","info"
"LAB\SS-ENT-0085-Readers","","","","","","","","CORP.ENT.SHARE0085.READ","info"
"LAB\SSUser00086","E0000086","0000086","","","","CN=Parker Manager,OU=ShareSurferLab,DC=lab,DC=contoso,DC=com","CN=Riley Director,OU=ShareSurferLab,DC=lab,DC=contoso,DC=com","CORP.SALES.UNIT101","info"
"LAB\SS-ENT-0086-Readers","","","","","","","","CORP.ENT.SHARE0086.READ","info"
"LAB\SSUser00087","E0000087","0000087","","","","CN=Quinn Manager,OU=ShareSurferLab,DC=lab,DC=contoso,DC=com","CN=Riley Director,OU=ShareSurferLab,DC=lab,DC=contoso,DC=com","CORP.MKT.UNIT111","info"
"LAB\SS-ENT-0087-Readers","","","","","","","","CORP.ENT.SHARE0087.READ","info"
"LAB\SSUser00088","E0000088","0000088","","","","CN=Morgan Manager,OU=ShareSurferLab,DC=lab,DC=contoso,DC=com","CN=Riley Director,OU=ShareSurferLab,DC=lab,DC=contoso,DC=com","CORP.RISK.UNIT121","info"
"LAB\SS-ENT-0088-Readers","","","","","","","","CORP.ENT.SHARE0088.READ","info"
"LAB\SSUser00089","E0000089","0000089","","","","CN=Parker Manager,OU=ShareSurferLab,DC=lab,DC=contoso,DC=com","CN=Riley Director,OU=ShareSurferLab,DC=lab,DC=contoso,DC=com","CORP.FIN.UNIT131","info"
"LAB\SS-ENT-0089-Readers","","","","","","","","CORP.ENT.SHARE0089.READ","info"
"LAB\SSUser00090","E0000090","0000090","","","","CN=Quinn Manager,OU=ShareSurferLab,DC=lab,DC=contoso,DC=com","CN=Riley Director,OU=ShareSurferLab,DC=lab,DC=contoso,DC=com","CORP.ENG.UNIT141","info"
"LAB\SS-ENT-0090-Readers","","","","","","","","CORP.ENT.SHARE0090.READ","info"
"LAB\SSUser00091","E0000091","0000091","","","","CN=Morgan Manager,OU=ShareSurferLab,DC=lab,DC=contoso,DC=com","CN=Riley Director,OU=ShareSurferLab,DC=lab,DC=contoso,DC=com","CORP.OPS.UNIT151","info"
"LAB\SS-ENT-0091-Readers","","","","","","","","CORP.ENT.SHARE0091.READ","info"
"LAB\SSUser00092","E0000092","0000092","","","","CN=Parker Manager,OU=ShareSurferLab,DC=lab,DC=contoso,DC=com","CN=Riley Director,OU=ShareSurferLab,DC=lab,DC=contoso,DC=com","CORP.HR.UNIT161","info"
"LAB\SS-ENT-0092-Readers","","","","","","","","CORP.ENT.SHARE0092.READ","info"
"LAB\SSUser00093","E0000093","0000093","","","","CN=Quinn Manager,OU=ShareSurferLab,DC=lab,DC=contoso,DC=com","CN=Riley Director,OU=ShareSurferLab,DC=lab,DC=contoso,DC=com","CORP.LEGAL.UNIT171","info"
"LAB\SS-ENT-0093-Readers","","","","","","","","CORP.ENT.SHARE0093.READ","info"
"LAB\SSUser00094","E0000094","0000094","","","","CN=Morgan Manager,OU=ShareSurferLab,DC=lab,DC=contoso,DC=com","CN=Riley Director,OU=ShareSurferLab,DC=lab,DC=contoso,DC=com","CORP.SALES.UNIT181","info"
"LAB\SS-ENT-0094-Readers","","","","","","","","CORP.ENT.SHARE0094.READ","info"
"LAB\SSUser00095","E0000095","0000095","","","","CN=Parker Manager,OU=ShareSurferLab,DC=lab,DC=contoso,DC=com","CN=Riley Director,OU=ShareSurferLab,DC=lab,DC=contoso,DC=com","CORP.MKT.UNIT191","info"
"LAB\SS-ENT-0095-Readers","","","","","","","","CORP.ENT.SHARE0095.READ","info"
"LAB\SSUser00096","E0000096","0000096","","","","CN=Quinn Manager,OU=ShareSurferLab,DC=lab,DC=contoso,DC=com","CN=Riley Director,OU=ShareSurferLab,DC=lab,DC=contoso,DC=com","CORP.RISK.UNIT201","info"
"LAB\SS-ENT-0096-Readers","","","","","","","","CORP.ENT.SHARE0096.READ","info"
"LAB\SSUser00097","E0000097","0000097","","","","CN=Morgan Manager,OU=ShareSurferLab,DC=lab,DC=contoso,DC=com","CN=Riley Director,OU=ShareSurferLab,DC=lab,DC=contoso,DC=com","CORP.FIN.UNIT211","info"
"LAB\SS-ENT-0097-Readers","","","","","","","","CORP.ENT.SHARE0097.READ","info"
"LAB\SSUser00098","E0000098","0000098","","","","CN=Parker Manager,OU=ShareSurferLab,DC=lab,DC=contoso,DC=com","CN=Riley Director,OU=ShareSurferLab,DC=lab,DC=contoso,DC=com","CORP.ENG.UNIT221","info"
"LAB\SS-ENT-0098-Readers","","","","","","","","CORP.ENT.SHARE0098.READ","info"
"LAB\SSUser00099","E0000099","0000099","","","","CN=Quinn Manager,OU=ShareSurferLab,DC=lab,DC=contoso,DC=com","CN=Riley Director,OU=ShareSurferLab,DC=lab,DC=contoso,DC=com","CORP.OPS.UNIT231","info"
"LAB\SS-ENT-0099-Readers","","","","","","","","CORP.ENT.SHARE0099.READ","info"
"LAB\SSUser00100","E0000100","0000100","","","","CN=Morgan Manager,OU=ShareSurferLab,DC=lab,DC=contoso,DC=com","CN=Riley Director,OU=ShareSurferLab,DC=lab,DC=contoso,DC=com","CORP.HR.UNIT241","info"
"LAB\SS-ENT-0100-Readers","","","","","","","","CORP.ENT.SHARE0100.READ","info"
"LAB\SSUser00101","E0000101","0000101","","","","CN=Parker Manager,OU=ShareSurferLab,DC=lab,DC=contoso,DC=com","CN=Riley Director,OU=ShareSurferLab,DC=lab,DC=contoso,DC=com","CORP.LEGAL.UNIT001","info"
"LAB\SS-ENT-0101-Readers","","","","","","","","CORP.ENT.SHARE0101.READ","info"
"LAB\SSUser00102","E0000102","0000102","","","","CN=Quinn Manager,OU=ShareSurferLab,DC=lab,DC=contoso,DC=com","CN=Riley Director,OU=ShareSurferLab,DC=lab,DC=contoso,DC=com","CORP.SALES.UNIT011","info"
"LAB\SS-ENT-0102-Readers","","","","","","","","CORP.ENT.SHARE0102.READ","info"
"LAB\SSUser00103","E0000103","0000103","","","","CN=Morgan Manager,OU=ShareSurferLab,DC=lab,DC=contoso,DC=com","CN=Riley Director,OU=ShareSurferLab,DC=lab,DC=contoso,DC=com","CORP.MKT.UNIT021","info"
"LAB\SS-ENT-0103-Readers","","","","","","","","CORP.ENT.SHARE0103.READ","info"
"LAB\SSUser00104","E0000104","0000104","","","","CN=Parker Manager,OU=ShareSurferLab,DC=lab,DC=contoso,DC=com","CN=Riley Director,OU=ShareSurferLab,DC=lab,DC=contoso,DC=com","CORP.RISK.UNIT031","info"
"LAB\SS-ENT-0104-Readers","","","","","","","","CORP.ENT.SHARE0104.READ","info"
"LAB\SSUser00105","E0000105","0000105","","","","CN=Quinn Manager,OU=ShareSurferLab,DC=lab,DC=contoso,DC=com","CN=Riley Director,OU=ShareSurferLab,DC=lab,DC=contoso,DC=com","CORP.FIN.UNIT041","info"
"LAB\SS-ENT-0105-Readers","","","","","","","","CORP.ENT.SHARE0105.READ","info"
"LAB\SSUser00106","E0000106","0000106","","","","CN=Morgan Manager,OU=ShareSurferLab,DC=lab,DC=contoso,DC=com","CN=Riley Director,OU=ShareSurferLab,DC=lab,DC=contoso,DC=com","CORP.ENG.UNIT051","info"
"LAB\SS-ENT-0106-Readers","","","","","","","","CORP.ENT.SHARE0106.READ","info"
"LAB\SSUser00107","E0000107","0000107","","","","CN=Parker Manager,OU=ShareSurferLab,DC=lab,DC=contoso,DC=com","CN=Riley Director,OU=ShareSurferLab,DC=lab,DC=contoso,DC=com","CORP.OPS.UNIT061","info"
"LAB\SS-ENT-0107-Readers","","","","","","","","CORP.ENT.SHARE0107.READ","info"
"LAB\SSUser00108","E0000108","0000108","","","","CN=Quinn Manager,OU=ShareSurferLab,DC=lab,DC=contoso,DC=com","CN=Riley Director,OU=ShareSurferLab,DC=lab,DC=contoso,DC=com","CORP.HR.UNIT071","info"
"LAB\SS-ENT-0108-Readers","","","","","","","","CORP.ENT.SHARE0108.READ","info"
"LAB\SSUser00109","E0000109","0000109","","","","CN=Morgan Manager,OU=ShareSurferLab,DC=lab,DC=contoso,DC=com","CN=Riley Director,OU=ShareSurferLab,DC=lab,DC=contoso,DC=com","CORP.LEGAL.UNIT081","info"
"LAB\SS-ENT-0109-Readers","","","","","","","","CORP.ENT.SHARE0109.READ","info"
"LAB\SSUser00110","E0000110","0000110","","","","CN=Parker Manager,OU=ShareSurferLab,DC=lab,DC=contoso,DC=com","CN=Riley Director,OU=ShareSurferLab,DC=lab,DC=contoso,DC=com","CORP.SALES.UNIT091","info"
"LAB\SS-ENT-0110-Readers","","","","","","","","CORP.ENT.SHARE0110.READ","info"
"LAB\SSUser00111","E0000111","0000111","","","","CN=Quinn Manager,OU=ShareSurferLab,DC=lab,DC=contoso,DC=com","CN=Riley Director,OU=ShareSurferLab,DC=lab,DC=contoso,DC=com","CORP.MKT.UNIT101","info"
"LAB\SS-ENT-0111-Readers","","","","","","","","CORP.ENT.SHARE0111.READ","info"
"LAB\SSUser00112","E0000112","0000112","","","","CN=Morgan Manager,OU=ShareSurferLab,DC=lab,DC=contoso,DC=com","CN=Riley Director,OU=ShareSurferLab,DC=lab,DC=contoso,DC=com","CORP.RISK.UNIT111","info"
"LAB\SS-ENT-0112-Readers","","","","","","","","CORP.ENT.SHARE0112.READ","info"
"LAB\SSUser00113","E0000113","0000113","","","","CN=Parker Manager,OU=ShareSurferLab,DC=lab,DC=contoso,DC=com","CN=Riley Director,OU=ShareSurferLab,DC=lab,DC=contoso,DC=com","CORP.FIN.UNIT121","info"
"LAB\SS-ENT-0113-Readers","","","","","","","","CORP.ENT.SHARE0113.READ","info"
"LAB\SSUser00114","E0000114","0000114","","","","CN=Quinn Manager,OU=ShareSurferLab,DC=lab,DC=contoso,DC=com","CN=Riley Director,OU=ShareSurferLab,DC=lab,DC=contoso,DC=com","CORP.ENG.UNIT131","info"
"LAB\SS-ENT-0114-Readers","","","","","","","","CORP.ENT.SHARE0114.READ","info"
"LAB\SSUser00115","E0000115","0000115","","","","CN=Morgan Manager,OU=ShareSurferLab,DC=lab,DC=contoso,DC=com","CN=Riley Director,OU=ShareSurferLab,DC=lab,DC=contoso,DC=com","CORP.OPS.UNIT141","info"
"LAB\SS-ENT-0115-Readers","","","","","","","","CORP.ENT.SHARE0115.READ","info"
"LAB\SSUser00116","E0000116","0000116","","","","CN=Parker Manager,OU=ShareSurferLab,DC=lab,DC=contoso,DC=com","CN=Riley Director,OU=ShareSurferLab,DC=lab,DC=contoso,DC=com","CORP.HR.UNIT151","info"
"LAB\SS-ENT-0116-Readers","","","","","","","","CORP.ENT.SHARE0116.READ","info"
"LAB\SSUser00117","E0000117","0000117","","","","CN=Quinn Manager,OU=ShareSurferLab,DC=lab,DC=contoso,DC=com","CN=Riley Director,OU=ShareSurferLab,DC=lab,DC=contoso,DC=com","CORP.LEGAL.UNIT161","info"
"LAB\SS-ENT-0117-Readers","","","","","","","","CORP.ENT.SHARE0117.READ","info"
"LAB\SSUser00118","E0000118","0000118","","","","CN=Morgan Manager,OU=ShareSurferLab,DC=lab,DC=contoso,DC=com","CN=Riley Director,OU=ShareSurferLab,DC=lab,DC=contoso,DC=com","CORP.SALES.UNIT171","info"
"LAB\SS-ENT-0118-Readers","","","","","","","","CORP.ENT.SHARE0118.READ","info"
"LAB\SSUser00119","E0000119","0000119","","","","CN=Parker Manager,OU=ShareSurferLab,DC=lab,DC=contoso,DC=com","CN=Riley Director,OU=ShareSurferLab,DC=lab,DC=contoso,DC=com","CORP.MKT.UNIT181","info"
"LAB\SS-ENT-0119-Readers","","","","","","","","CORP.ENT.SHARE0119.READ","info"
"LAB\SSUser00120","E0000120","0000120","","","","CN=Quinn Manager,OU=ShareSurferLab,DC=lab,DC=contoso,DC=com","CN=Riley Director,OU=ShareSurferLab,DC=lab,DC=contoso,DC=com","CORP.RISK.UNIT191","info"
"LAB\SS-ENT-0120-Readers","","","","","","","","CORP.ENT.SHARE0120.READ","info"
"LAB\SSUser00121","E0000121","0000121","","","","CN=Morgan Manager,OU=ShareSurferLab,DC=lab,DC=contoso,DC=com","CN=Riley Director,OU=ShareSurferLab,DC=lab,DC=contoso,DC=com","CORP.FIN.UNIT201","info"
"LAB\SS-ENT-0121-Readers","","","","","","","","CORP.ENT.SHARE0121.READ","info"
"LAB\SSUser00122","E0000122","0000122","","","","CN=Parker Manager,OU=ShareSurferLab,DC=lab,DC=contoso,DC=com","CN=Riley Director,OU=ShareSurferLab,DC=lab,DC=contoso,DC=com","CORP.ENG.UNIT211","info"
"LAB\SS-ENT-0122-Readers","","","","","","","","CORP.ENT.SHARE0122.READ","info"
"LAB\SSUser00123","E0000123","0000123","","","","CN=Quinn Manager,OU=ShareSurferLab,DC=lab,DC=contoso,DC=com","CN=Riley Director,OU=ShareSurferLab,DC=lab,DC=contoso,DC=com","CORP.OPS.UNIT221","info"
"LAB\SS-ENT-0123-Readers","","","","","","","","CORP.ENT.SHARE0123.READ","info"
"LAB\SSUser00124","E0000124","0000124","","","","CN=Morgan Manager,OU=ShareSurferLab,DC=lab,DC=contoso,DC=com","CN=Riley Director,OU=ShareSurferLab,DC=lab,DC=contoso,DC=com","CORP.HR.UNIT231","info"
"LAB\SS-ENT-0124-Readers","","","","","","","","CORP.ENT.SHARE0124.READ","info"
"LAB\SSUser00125","E0000125","0000125","","","","CN=Parker Manager,OU=ShareSurferLab,DC=lab,DC=contoso,DC=com","CN=Riley Director,OU=ShareSurferLab,DC=lab,DC=contoso,DC=com","CORP.LEGAL.UNIT241","info"
"LAB\SS-ENT-0125-Readers","","","","","","","","CORP.ENT.SHARE0125.READ","info"
"LAB\SSUser00126","E0000126","0000126","","","","CN=Quinn Manager,OU=ShareSurferLab,DC=lab,DC=contoso,DC=com","CN=Riley Director,OU=ShareSurferLab,DC=lab,DC=contoso,DC=com","CORP.SALES.UNIT001","info"
"LAB\SS-ENT-0126-Readers","","","","","","","","CORP.ENT.SHARE0126.READ","info"
"LAB\SSUser00127","E0000127","0000127","","","","CN=Morgan Manager,OU=ShareSurferLab,DC=lab,DC=contoso,DC=com","CN=Riley Director,OU=ShareSurferLab,DC=lab,DC=contoso,DC=com","CORP.MKT.UNIT011","info"
"LAB\SS-ENT-0127-Readers","","","","","","","","CORP.ENT.SHARE0127.READ","info"
"LAB\SSUser00128","E0000128","0000128","","","","CN=Parker Manager,OU=ShareSurferLab,DC=lab,DC=contoso,DC=com","CN=Riley Director,OU=ShareSurferLab,DC=lab,DC=contoso,DC=com","CORP.RISK.UNIT021","info"
"LAB\SS-ENT-0128-Readers","","","","","","","","CORP.ENT.SHARE0128.READ","info"
"LAB\SSUser00129","E0000129","0000129","","","","CN=Quinn Manager,OU=ShareSurferLab,DC=lab,DC=contoso,DC=com","CN=Riley Director,OU=ShareSurferLab,DC=lab,DC=contoso,DC=com","CORP.FIN.UNIT031","info"
"LAB\SS-ENT-0129-Readers","","","","","","","","CORP.ENT.SHARE0129.READ","info"
"LAB\SSUser00130","E0000130","0000130","","","","CN=Morgan Manager,OU=ShareSurferLab,DC=lab,DC=contoso,DC=com","CN=Riley Director,OU=ShareSurferLab,DC=lab,DC=contoso,DC=com","CORP.ENG.UNIT041","info"
"LAB\SS-ENT-0130-Readers","","","","","","","","CORP.ENT.SHARE0130.READ","info"
"LAB\SSUser00131","E0000131","0000131","","","","CN=Parker Manager,OU=ShareSurferLab,DC=lab,DC=contoso,DC=com","CN=Riley Director,OU=ShareSurferLab,DC=lab,DC=contoso,DC=com","CORP.OPS.UNIT051","info"
"LAB\SS-ENT-0131-Readers","","","","","","","","CORP.ENT.SHARE0131.READ","info"
"LAB\SSUser00132","E0000132","0000132","","","","CN=Quinn Manager,OU=ShareSurferLab,DC=lab,DC=contoso,DC=com","CN=Riley Director,OU=ShareSurferLab,DC=lab,DC=contoso,DC=com","CORP.HR.UNIT061","info"
"LAB\SS-ENT-0132-Readers","","","","","","","","CORP.ENT.SHARE0132.READ","info"
"LAB\SSUser00133","E0000133","0000133","","","","CN=Morgan Manager,OU=ShareSurferLab,DC=lab,DC=contoso,DC=com","CN=Riley Director,OU=ShareSurferLab,DC=lab,DC=contoso,DC=com","CORP.LEGAL.UNIT071","info"
"LAB\SS-ENT-0133-Readers","","","","","","","","CORP.ENT.SHARE0133.READ","info"
"LAB\SSUser00134","E0000134","0000134","","","","CN=Parker Manager,OU=ShareSurferLab,DC=lab,DC=contoso,DC=com","CN=Riley Director,OU=ShareSurferLab,DC=lab,DC=contoso,DC=com","CORP.SALES.UNIT081","info"
"LAB\SS-ENT-0134-Readers","","","","","","","","CORP.ENT.SHARE0134.READ","info"
"LAB\SSUser00135","E0000135","0000135","","","","CN=Quinn Manager,OU=ShareSurferLab,DC=lab,DC=contoso,DC=com","CN=Riley Director,OU=ShareSurferLab,DC=lab,DC=contoso,DC=com","CORP.MKT.UNIT091","info"
"LAB\SS-ENT-0135-Readers","","","","","","","","CORP.ENT.SHARE0135.READ","info"
"LAB\SSUser00136","E0000136","0000136","","","","CN=Morgan Manager,OU=ShareSurferLab,DC=lab,DC=contoso,DC=com","CN=Riley Director,OU=ShareSurferLab,DC=lab,DC=contoso,DC=com","CORP.RISK.UNIT101","info"
"LAB\SS-ENT-0136-Readers","","","","","","","","CORP.ENT.SHARE0136.READ","info"
"LAB\SSUser00137","E0000137","0000137","","","","CN=Parker Manager,OU=ShareSurferLab,DC=lab,DC=contoso,DC=com","CN=Riley Director,OU=ShareSurferLab,DC=lab,DC=contoso,DC=com","CORP.FIN.UNIT111","info"
"LAB\SS-ENT-0137-Readers","","","","","","","","CORP.ENT.SHARE0137.READ","info"
"LAB\SSUser00138","E0000138","0000138","","","","CN=Quinn Manager,OU=ShareSurferLab,DC=lab,DC=contoso,DC=com","CN=Riley Director,OU=ShareSurferLab,DC=lab,DC=contoso,DC=com","CORP.ENG.UNIT121","info"
"LAB\SS-ENT-0138-Readers","","","","","","","","CORP.ENT.SHARE0138.READ","info"
"LAB\SSUser00139","E0000139","0000139","","","","CN=Morgan Manager,OU=ShareSurferLab,DC=lab,DC=contoso,DC=com","CN=Riley Director,OU=ShareSurferLab,DC=lab,DC=contoso,DC=com","CORP.OPS.UNIT131","info"
"LAB\SS-ENT-0139-Readers","","","","","","","","CORP.ENT.SHARE0139.READ","info"
"LAB\SSUser00140","E0000140","0000140","","","","CN=Parker Manager,OU=ShareSurferLab,DC=lab,DC=contoso,DC=com","CN=Riley Director,OU=ShareSurferLab,DC=lab,DC=contoso,DC=com","CORP.HR.UNIT141","info"
"LAB\SS-ENT-0140-Readers","","","","","","","","CORP.ENT.SHARE0140.READ","info"
"LAB\SSUser00141","E0000141","0000141","","","","CN=Quinn Manager,OU=ShareSurferLab,DC=lab,DC=contoso,DC=com","CN=Riley Director,OU=ShareSurferLab,DC=lab,DC=contoso,DC=com","CORP.LEGAL.UNIT151","info"
"LAB\SS-ENT-0141-Readers","","","","","","","","CORP.ENT.SHARE0141.READ","info"
"LAB\SSUser00142","E0000142","0000142","","","","CN=Morgan Manager,OU=ShareSurferLab,DC=lab,DC=contoso,DC=com","CN=Riley Director,OU=ShareSurferLab,DC=lab,DC=contoso,DC=com","CORP.SALES.UNIT161","info"
"LAB\SS-ENT-0142-Readers","","","","","","","","CORP.ENT.SHARE0142.READ","info"
"LAB\SSUser00143","E0000143","0000143","","","","CN=Parker Manager,OU=ShareSurferLab,DC=lab,DC=contoso,DC=com","CN=Riley Director,OU=ShareSurferLab,DC=lab,DC=contoso,DC=com","CORP.MKT.UNIT171","info"
"LAB\SS-ENT-0143-Readers","","","","","","","","CORP.ENT.SHARE0143.READ","info"
"LAB\SSUser00144","E0000144","0000144","","","","CN=Quinn Manager,OU=ShareSurferLab,DC=lab,DC=contoso,DC=com","CN=Riley Director,OU=ShareSurferLab,DC=lab,DC=contoso,DC=com","CORP.RISK.UNIT181","info"
"LAB\SS-ENT-0144-Readers","","","","","","","","CORP.ENT.SHARE0144.READ","info"
"LAB\SSUser00145","E0000145","0000145","","","","CN=Morgan Manager,OU=ShareSurferLab,DC=lab,DC=contoso,DC=com","CN=Riley Director,OU=ShareSurferLab,DC=lab,DC=contoso,DC=com","CORP.FIN.UNIT191","info"
"LAB\SS-ENT-0145-Readers","","","","","","","","CORP.ENT.SHARE0145.READ","info"
"LAB\SSUser00146","E0000146","0000146","","","","CN=Parker Manager,OU=ShareSurferLab,DC=lab,DC=contoso,DC=com","CN=Riley Director,OU=ShareSurferLab,DC=lab,DC=contoso,DC=com","CORP.ENG.UNIT201","info"
"LAB\SS-ENT-0146-Readers","","","","","","","","CORP.ENT.SHARE0146.READ","info"
"LAB\SSUser00147","E0000147","0000147","","","","CN=Quinn Manager,OU=ShareSurferLab,DC=lab,DC=contoso,DC=com","CN=Riley Director,OU=ShareSurferLab,DC=lab,DC=contoso,DC=com","CORP.OPS.UNIT211","info"
"LAB\SS-ENT-0147-Readers","","","","","","","","CORP.ENT.SHARE0147.READ","info"
"LAB\SSUser00148","E0000148","0000148","","","","CN=Morgan Manager,OU=ShareSurferLab,DC=lab,DC=contoso,DC=com","CN=Riley Director,OU=ShareSurferLab,DC=lab,DC=contoso,DC=com","CORP.HR.UNIT221","info"
"LAB\SS-ENT-0148-Readers","","","","","","","","CORP.ENT.SHARE0148.READ","info"
"LAB\SSUser00149","E0000149","0000149","","","","CN=Parker Manager,OU=ShareSurferLab,DC=lab,DC=contoso,DC=com","CN=Riley Director,OU=ShareSurferLab,DC=lab,DC=contoso,DC=com","CORP.LEGAL.UNIT231","info"
"LAB\SS-ENT-0149-Readers","","","","","","","","CORP.ENT.SHARE0149.READ","info"
"LAB\SSUser00150","E0000150","0000150","","","","CN=Quinn Manager,OU=ShareSurferLab,DC=lab,DC=contoso,DC=com","CN=Riley Director,OU=ShareSurferLab,DC=lab,DC=contoso,DC=com","CORP.SALES.UNIT241","info"
"LAB\SS-ENT-0150-Readers","","","","","","","","CORP.ENT.SHARE0150.READ","info"
"LAB\SSUser00151","E0000151","0000151","","","","CN=Morgan Manager,OU=ShareSurferLab,DC=lab,DC=contoso,DC=com","CN=Riley Director,OU=ShareSurferLab,DC=lab,DC=contoso,DC=com","CORP.MKT.UNIT001","info"
"LAB\SS-ENT-0151-Readers","","","","","","","","CORP.ENT.SHARE0151.READ","info"
"LAB\SSUser00152","E0000152","0000152","","","","CN=Parker Manager,OU=ShareSurferLab,DC=lab,DC=contoso,DC=com","CN=Riley Director,OU=ShareSurferLab,DC=lab,DC=contoso,DC=com","CORP.RISK.UNIT011","info"
"LAB\SS-ENT-0152-Readers","","","","","","","","CORP.ENT.SHARE0152.READ","info"
"LAB\SSUser00153","E0000153","0000153","","","","CN=Quinn Manager,OU=ShareSurferLab,DC=lab,DC=contoso,DC=com","CN=Riley Director,OU=ShareSurferLab,DC=lab,DC=contoso,DC=com","CORP.FIN.UNIT021","info"
"LAB\SS-ENT-0153-Readers","","","","","","","","CORP.ENT.SHARE0153.READ","info"
"LAB\SSUser00154","E0000154","0000154","","","","CN=Morgan Manager,OU=ShareSurferLab,DC=lab,DC=contoso,DC=com","CN=Riley Director,OU=ShareSurferLab,DC=lab,DC=contoso,DC=com","CORP.ENG.UNIT031","info"
"LAB\SS-ENT-0154-Readers","","","","","","","","CORP.ENT.SHARE0154.READ","info"
"LAB\SSUser00155","E0000155","0000155","","","","CN=Parker Manager,OU=ShareSurferLab,DC=lab,DC=contoso,DC=com","CN=Riley Director,OU=ShareSurferLab,DC=lab,DC=contoso,DC=com","CORP.OPS.UNIT041","info"
"LAB\SS-ENT-0155-Readers","","","","","","","","CORP.ENT.SHARE0155.READ","info"
"LAB\SSUser00156","E0000156","0000156","","","","CN=Quinn Manager,OU=ShareSurferLab,DC=lab,DC=contoso,DC=com","CN=Riley Director,OU=ShareSurferLab,DC=lab,DC=contoso,DC=com","CORP.HR.UNIT051","info"
"LAB\SS-ENT-0156-Readers","","","","","","","","CORP.ENT.SHARE0156.READ","info"
"LAB\SSUser00157","E0000157","0000157","","","","CN=Morgan Manager,OU=ShareSurferLab,DC=lab,DC=contoso,DC=com","CN=Riley Director,OU=ShareSurferLab,DC=lab,DC=contoso,DC=com","CORP.LEGAL.UNIT061","info"
"LAB\SS-ENT-0157-Readers","","","","","","","","CORP.ENT.SHARE0157.READ","info"
"LAB\SSUser00158","E0000158","0000158","","","","CN=Parker Manager,OU=ShareSurferLab,DC=lab,DC=contoso,DC=com","CN=Riley Director,OU=ShareSurferLab,DC=lab,DC=contoso,DC=com","CORP.SALES.UNIT071","info"
"LAB\SS-ENT-0158-Readers","","","","","","","","CORP.ENT.SHARE0158.READ","info"
"LAB\SSUser00159","E0000159","0000159","","","","CN=Quinn Manager,OU=ShareSurferLab,DC=lab,DC=contoso,DC=com","CN=Riley Director,OU=ShareSurferLab,DC=lab,DC=contoso,DC=com","CORP.MKT.UNIT081","info"
"LAB\SS-ENT-0159-Readers","","","","","","","","CORP.ENT.SHARE0159.READ","info"
"LAB\SSUser00160","E0000160","0000160","","","","CN=Morgan Manager,OU=ShareSurferLab,DC=lab,DC=contoso,DC=com","CN=Riley Director,OU=ShareSurferLab,DC=lab,DC=contoso,DC=com","CORP.RISK.UNIT091","info"
"LAB\SS-ENT-0160-Readers","","","","","","","","CORP.ENT.SHARE0160.READ","info"
"LAB\SSUser00161","E0000161","0000161","","","","CN=Parker Manager,OU=ShareSurferLab,DC=lab,DC=contoso,DC=com","CN=Riley Director,OU=ShareSurferLab,DC=lab,DC=contoso,DC=com","CORP.FIN.UNIT101","info"
"LAB\SS-ENT-0161-Readers","","","","","","","","CORP.ENT.SHARE0161.READ","info"
"LAB\SSUser00162","E0000162","0000162","","","","CN=Quinn Manager,OU=ShareSurferLab,DC=lab,DC=contoso,DC=com","CN=Riley Director,OU=ShareSurferLab,DC=lab,DC=contoso,DC=com","CORP.ENG.UNIT111","info"
"LAB\SS-ENT-0162-Readers","","","","","","","","CORP.ENT.SHARE0162.READ","info"
"LAB\SSUser00163","E0000163","0000163","","","","CN=Morgan Manager,OU=ShareSurferLab,DC=lab,DC=contoso,DC=com","CN=Riley Director,OU=ShareSurferLab,DC=lab,DC=contoso,DC=com","CORP.OPS.UNIT121","info"
"LAB\SS-ENT-0163-Readers","","","","","","","","CORP.ENT.SHARE0163.READ","info"
"LAB\SSUser00164","E0000164","0000164","","","","CN=Parker Manager,OU=ShareSurferLab,DC=lab,DC=contoso,DC=com","CN=Riley Director,OU=ShareSurferLab,DC=lab,DC=contoso,DC=com","CORP.HR.UNIT131","info"
"LAB\SS-ENT-0164-Readers","","","","","","","","CORP.ENT.SHARE0164.READ","info"
"LAB\SSUser00165","E0000165","0000165","","","","CN=Quinn Manager,OU=ShareSurferLab,DC=lab,DC=contoso,DC=com","CN=Riley Director,OU=ShareSurferLab,DC=lab,DC=contoso,DC=com","CORP.LEGAL.UNIT141","info"
"LAB\SS-ENT-0165-Readers","","","","","","","","CORP.ENT.SHARE0165.READ","info"
"LAB\SSUser00166","E0000166","0000166","","","","CN=Morgan Manager,OU=ShareSurferLab,DC=lab,DC=contoso,DC=com","CN=Riley Director,OU=ShareSurferLab,DC=lab,DC=contoso,DC=com","CORP.SALES.UNIT151","info"
"LAB\SS-ENT-0166-Readers","","","","","","","","CORP.ENT.SHARE0166.READ","info"
"LAB\SSUser00167","E0000167","0000167","","","","CN=Parker Manager,OU=ShareSurferLab,DC=lab,DC=contoso,DC=com","CN=Riley Director,OU=ShareSurferLab,DC=lab,DC=contoso,DC=com","CORP.MKT.UNIT161","info"
"LAB\SS-ENT-0167-Readers","","","","","","","","CORP.ENT.SHARE0167.READ","info"
"LAB\SSUser00168","E0000168","0000168","","","","CN=Quinn Manager,OU=ShareSurferLab,DC=lab,DC=contoso,DC=com","CN=Riley Director,OU=ShareSurferLab,DC=lab,DC=contoso,DC=com","CORP.RISK.UNIT171","info"
"LAB\SS-ENT-0168-Readers","","","","","","","","CORP.ENT.SHARE0168.READ","info"
"LAB\SSUser00169","E0000169","0000169","","","","CN=Morgan Manager,OU=ShareSurferLab,DC=lab,DC=contoso,DC=com","CN=Riley Director,OU=ShareSurferLab,DC=lab,DC=contoso,DC=com","CORP.FIN.UNIT181","info"
"LAB\SS-ENT-0169-Readers","","","","","","","","CORP.ENT.SHARE0169.READ","info"
"LAB\SSUser00170","E0000170","0000170","","","","CN=Parker Manager,OU=ShareSurferLab,DC=lab,DC=contoso,DC=com","CN=Riley Director,OU=ShareSurferLab,DC=lab,DC=contoso,DC=com","CORP.ENG.UNIT191","info"
"LAB\SS-ENT-0170-Readers","","","","","","","","CORP.ENT.SHARE0170.READ","info"
"LAB\SSUser00171","E0000171","0000171","","","","CN=Quinn Manager,OU=ShareSurferLab,DC=lab,DC=contoso,DC=com","CN=Riley Director,OU=ShareSurferLab,DC=lab,DC=contoso,DC=com","CORP.OPS.UNIT201","info"
"LAB\SS-ENT-0171-Readers","","","","","","","","CORP.ENT.SHARE0171.READ","info"
"LAB\SSUser00172","E0000172","0000172","","","","CN=Morgan Manager,OU=ShareSurferLab,DC=lab,DC=contoso,DC=com","CN=Riley Director,OU=ShareSurferLab,DC=lab,DC=contoso,DC=com","CORP.HR.UNIT211","info"
"LAB\SS-ENT-0172-Readers","","","","","","","","CORP.ENT.SHARE0172.READ","info"
"LAB\SSUser00173","E0000173","0000173","","","","CN=Parker Manager,OU=ShareSurferLab,DC=lab,DC=contoso,DC=com","CN=Riley Director,OU=ShareSurferLab,DC=lab,DC=contoso,DC=com","CORP.LEGAL.UNIT221","info"
"LAB\SS-ENT-0173-Readers","","","","","","","","CORP.ENT.SHARE0173.READ","info"
"LAB\SSUser00174","E0000174","0000174","","","","CN=Quinn Manager,OU=ShareSurferLab,DC=lab,DC=contoso,DC=com","CN=Riley Director,OU=ShareSurferLab,DC=lab,DC=contoso,DC=com","CORP.SALES.UNIT231","info"
"LAB\SS-ENT-0174-Readers","","","","","","","","CORP.ENT.SHARE0174.READ","info"
"LAB\SSUser00175","E0000175","0000175","","","","CN=Morgan Manager,OU=ShareSurferLab,DC=lab,DC=contoso,DC=com","CN=Riley Director,OU=ShareSurferLab,DC=lab,DC=contoso,DC=com","CORP.MKT.UNIT241","info"
"LAB\SS-ENT-0175-Readers","","","","","","","","CORP.ENT.SHARE0175.READ","info"
"LAB\SSUser00176","E0000176","0000176","","","","CN=Parker Manager,OU=ShareSurferLab,DC=lab,DC=contoso,DC=com","CN=Riley Director,OU=ShareSurferLab,DC=lab,DC=contoso,DC=com","CORP.RISK.UNIT001","info"
"LAB\SS-ENT-0176-Readers","","","","","","","","CORP.ENT.SHARE0176.READ","info"
"LAB\SSUser00177","E0000177","0000177","","","","CN=Quinn Manager,OU=ShareSurferLab,DC=lab,DC=contoso,DC=com","CN=Riley Director,OU=ShareSurferLab,DC=lab,DC=contoso,DC=com","CORP.FIN.UNIT011","info"
"LAB\SS-ENT-0177-Readers","","","","","","","","CORP.ENT.SHARE0177.READ","info"
"LAB\SSUser00178","E0000178","0000178","","","","CN=Morgan Manager,OU=ShareSurferLab,DC=lab,DC=contoso,DC=com","CN=Riley Director,OU=ShareSurferLab,DC=lab,DC=contoso,DC=com","CORP.ENG.UNIT021","info"
"LAB\SS-ENT-0178-Readers","","","","","","","","CORP.ENT.SHARE0178.READ","info"
"LAB\SSUser00179","E0000179","0000179","","","","CN=Parker Manager,OU=ShareSurferLab,DC=lab,DC=contoso,DC=com","CN=Riley Director,OU=ShareSurferLab,DC=lab,DC=contoso,DC=com","CORP.OPS.UNIT031","info"
"LAB\SS-ENT-0179-Readers","","","","","","","","CORP.ENT.SHARE0179.READ","info"
"LAB\SSUser00180","E0000180","0000180","","","","CN=Quinn Manager,OU=ShareSurferLab,DC=lab,DC=contoso,DC=com","CN=Riley Director,OU=ShareSurferLab,DC=lab,DC=contoso,DC=com","CORP.HR.UNIT041","info"
"LAB\SS-ENT-0180-Readers","","","","","","","","CORP.ENT.SHARE0180.READ","info"
"LAB\SSUser00181","E0000181","0000181","","","","CN=Morgan Manager,OU=ShareSurferLab,DC=lab,DC=contoso,DC=com","CN=Riley Director,OU=ShareSurferLab,DC=lab,DC=contoso,DC=com","CORP.LEGAL.UNIT051","info"
"LAB\SS-ENT-0181-Readers","","","","","","","","CORP.ENT.SHARE0181.READ","info"
"LAB\SSUser00182","E0000182","0000182","","","","CN=Parker Manager,OU=ShareSurferLab,DC=lab,DC=contoso,DC=com","CN=Riley Director,OU=ShareSurferLab,DC=lab,DC=contoso,DC=com","CORP.SALES.UNIT061","info"
"LAB\SS-ENT-0182-Readers","","","","","","","","CORP.ENT.SHARE0182.READ","info"
"LAB\SSUser00183","E0000183","0000183","","","","CN=Quinn Manager,OU=ShareSurferLab,DC=lab,DC=contoso,DC=com","CN=Riley Director,OU=ShareSurferLab,DC=lab,DC=contoso,DC=com","CORP.MKT.UNIT071","info"
"LAB\SS-ENT-0183-Readers","","","","","","","","CORP.ENT.SHARE0183.READ","info"
"LAB\SSUser00184","E0000184","0000184","","","","CN=Morgan Manager,OU=ShareSurferLab,DC=lab,DC=contoso,DC=com","CN=Riley Director,OU=ShareSurferLab,DC=lab,DC=contoso,DC=com","CORP.RISK.UNIT081","info"
"LAB\SS-ENT-0184-Readers","","","","","","","","CORP.ENT.SHARE0184.READ","info"
"LAB\SSUser00185","E0000185","0000185","","","","CN=Parker Manager,OU=ShareSurferLab,DC=lab,DC=contoso,DC=com","CN=Riley Director,OU=ShareSurferLab,DC=lab,DC=contoso,DC=com","CORP.FIN.UNIT091","info"
"LAB\SS-ENT-0185-Readers","","","","","","","","CORP.ENT.SHARE0185.READ","info"
"LAB\SSUser00186","E0000186","0000186","","","","CN=Quinn Manager,OU=ShareSurferLab,DC=lab,DC=contoso,DC=com","CN=Riley Director,OU=ShareSurferLab,DC=lab,DC=contoso,DC=com","CORP.ENG.UNIT101","info"
"LAB\SS-ENT-0186-Readers","","","","","","","","CORP.ENT.SHARE0186.READ","info"
"LAB\SSUser00187","E0000187","0000187","","","","CN=Morgan Manager,OU=ShareSurferLab,DC=lab,DC=contoso,DC=com","CN=Riley Director,OU=ShareSurferLab,DC=lab,DC=contoso,DC=com","CORP.OPS.UNIT111","info"
"LAB\SS-ENT-0187-Readers","","","","","","","","CORP.ENT.SHARE0187.READ","info"
"LAB\SSUser00188","E0000188","0000188","","","","CN=Parker Manager,OU=ShareSurferLab,DC=lab,DC=contoso,DC=com","CN=Riley Director,OU=ShareSurferLab,DC=lab,DC=contoso,DC=com","CORP.HR.UNIT121","info"
"LAB\SS-ENT-0188-Readers","","","","","","","","CORP.ENT.SHARE0188.READ","info"
"LAB\SSUser00189","E0000189","0000189","","","","CN=Quinn Manager,OU=ShareSurferLab,DC=lab,DC=contoso,DC=com","CN=Riley Director,OU=ShareSurferLab,DC=lab,DC=contoso,DC=com","CORP.LEGAL.UNIT131","info"
"LAB\SS-ENT-0189-Readers","","","","","","","","CORP.ENT.SHARE0189.READ","info"
"LAB\SSUser00190","E0000190","0000190","","","","CN=Morgan Manager,OU=ShareSurferLab,DC=lab,DC=contoso,DC=com","CN=Riley Director,OU=ShareSurferLab,DC=lab,DC=contoso,DC=com","CORP.SALES.UNIT141","info"
"LAB\SS-ENT-0190-Readers","","","","","","","","CORP.ENT.SHARE0190.READ","info"
"LAB\SSUser00191","E0000191","0000191","","","","CN=Parker Manager,OU=ShareSurferLab,DC=lab,DC=contoso,DC=com","CN=Riley Director,OU=ShareSurferLab,DC=lab,DC=contoso,DC=com","CORP.MKT.UNIT151","info"
"LAB\SS-ENT-0191-Readers","","","","","","","","CORP.ENT.SHARE0191.READ","info"
"LAB\SSUser00192","E0000192","0000192","","","","CN=Quinn Manager,OU=ShareSurferLab,DC=lab,DC=contoso,DC=com","CN=Riley Director,OU=ShareSurferLab,DC=lab,DC=contoso,DC=com","CORP.RISK.UNIT161","info"
"LAB\SS-ENT-0192-Readers","","","","","","","","CORP.ENT.SHARE0192.READ","info"
"LAB\SSUser00193","E0000193","0000193","","","","CN=Morgan Manager,OU=ShareSurferLab,DC=lab,DC=contoso,DC=com","CN=Riley Director,OU=ShareSurferLab,DC=lab,DC=contoso,DC=com","CORP.FIN.UNIT171","info"
"LAB\SS-ENT-0193-Readers","","","","","","","","CORP.ENT.SHARE0193.READ","info"
"LAB\SSUser00194","E0000194","0000194","","","","CN=Parker Manager,OU=ShareSurferLab,DC=lab,DC=contoso,DC=com","CN=Riley Director,OU=ShareSurferLab,DC=lab,DC=contoso,DC=com","CORP.ENG.UNIT181","info"
"LAB\SS-ENT-0194-Readers","","","","","","","","CORP.ENT.SHARE0194.READ","info"
"LAB\SSUser00195","E0000195","0000195","","","","CN=Quinn Manager,OU=ShareSurferLab,DC=lab,DC=contoso,DC=com","CN=Riley Director,OU=ShareSurferLab,DC=lab,DC=contoso,DC=com","CORP.OPS.UNIT191","info"
"LAB\SS-ENT-0195-Readers","","","","","","","","CORP.ENT.SHARE0195.READ","info"
"LAB\SSUser00196","E0000196","0000196","","","","CN=Morgan Manager,OU=ShareSurferLab,DC=lab,DC=contoso,DC=com","CN=Riley Director,OU=ShareSurferLab,DC=lab,DC=contoso,DC=com","CORP.HR.UNIT201","info"
"LAB\SS-ENT-0196-Readers","","","","","","","","CORP.ENT.SHARE0196.READ","info"
"LAB\SSUser00197","E0000197","0000197","","","","CN=Parker Manager,OU=ShareSurferLab,DC=lab,DC=contoso,DC=com","CN=Riley Director,OU=ShareSurferLab,DC=lab,DC=contoso,DC=com","CORP.LEGAL.UNIT211","info"
"LAB\SS-ENT-0197-Readers","","","","","","","","CORP.ENT.SHARE0197.READ","info"
"LAB\SSUser00198","E0000198","0000198","","","","CN=Quinn Manager,OU=ShareSurferLab,DC=lab,DC=contoso,DC=com","CN=Riley Director,OU=ShareSurferLab,DC=lab,DC=contoso,DC=com","CORP.SALES.UNIT221","info"
"LAB\SS-ENT-0198-Readers","","","","","","","","CORP.ENT.SHARE0198.READ","info"
"LAB\SSUser00199","E0000199","0000199","","","","CN=Morgan Manager,OU=ShareSurferLab,DC=lab,DC=contoso,DC=com","CN=Riley Director,OU=ShareSurferLab,DC=lab,DC=contoso,DC=com","CORP.MKT.UNIT231","info"
"LAB\SS-ENT-0199-Readers","","","","","","","","CORP.ENT.SHARE0199.READ","info"
"LAB\SSUser00200","E0000200","0000200","","","","CN=Parker Manager,OU=ShareSurferLab,DC=lab,DC=contoso,DC=com","CN=Riley Director,OU=ShareSurferLab,DC=lab,DC=contoso,DC=com","CORP.RISK.UNIT241","info"
"LAB\SS-ENT-0200-Readers","","","","","","","","CORP.ENT.SHARE0200.READ","info"
"LAB\SSUser00201","E0000201","0000201","","","","CN=Quinn Manager,OU=ShareSurferLab,DC=lab,DC=contoso,DC=com","CN=Riley Director,OU=ShareSurferLab,DC=lab,DC=contoso,DC=com","CORP.FIN.UNIT001","info"
"LAB\SS-ENT-0201-Readers","","","","","","","","CORP.ENT.SHARE0201.READ","info"
"LAB\SSUser00202","E0000202","0000202","","","","CN=Morgan Manager,OU=ShareSurferLab,DC=lab,DC=contoso,DC=com","CN=Riley Director,OU=ShareSurferLab,DC=lab,DC=contoso,DC=com","CORP.ENG.UNIT011","info"
"LAB\SS-ENT-0202-Readers","","","","","","","","CORP.ENT.SHARE0202.READ","info"
"LAB\SSUser00203","E0000203","0000203","","","","CN=Parker Manager,OU=ShareSurferLab,DC=lab,DC=contoso,DC=com","CN=Riley Director,OU=ShareSurferLab,DC=lab,DC=contoso,DC=com","CORP.OPS.UNIT021","info"
"LAB\SS-ENT-0203-Readers","","","","","","","","CORP.ENT.SHARE0203.READ","info"
"LAB\SSUser00204","E0000204","0000204","","","","CN=Quinn Manager,OU=ShareSurferLab,DC=lab,DC=contoso,DC=com","CN=Riley Director,OU=ShareSurferLab,DC=lab,DC=contoso,DC=com","CORP.HR.UNIT031","info"
"LAB\SS-ENT-0204-Readers","","","","","","","","CORP.ENT.SHARE0204.READ","info"
"LAB\SSUser00205","E0000205","0000205","","","","CN=Morgan Manager,OU=ShareSurferLab,DC=lab,DC=contoso,DC=com","CN=Riley Director,OU=ShareSurferLab,DC=lab,DC=contoso,DC=com","CORP.LEGAL.UNIT041","info"
"LAB\SS-ENT-0205-Readers","","","","","","","","CORP.ENT.SHARE0205.READ","info"
"LAB\SSUser00206","E0000206","0000206","","","","CN=Parker Manager,OU=ShareSurferLab,DC=lab,DC=contoso,DC=com","CN=Riley Director,OU=ShareSurferLab,DC=lab,DC=contoso,DC=com","CORP.SALES.UNIT051","info"
"LAB\SS-ENT-0206-Readers","","","","","","","","CORP.ENT.SHARE0206.READ","info"
"LAB\SSUser00207","E0000207","0000207","","","","CN=Quinn Manager,OU=ShareSurferLab,DC=lab,DC=contoso,DC=com","CN=Riley Director,OU=ShareSurferLab,DC=lab,DC=contoso,DC=com","CORP.MKT.UNIT061","info"
"LAB\SS-ENT-0207-Readers","","","","","","","","CORP.ENT.SHARE0207.READ","info"
"LAB\SSUser00208","E0000208","0000208","","","","CN=Morgan Manager,OU=ShareSurferLab,DC=lab,DC=contoso,DC=com","CN=Riley Director,OU=ShareSurferLab,DC=lab,DC=contoso,DC=com","CORP.RISK.UNIT071","info"
"LAB\SS-ENT-0208-Readers","","","","","","","","CORP.ENT.SHARE0208.READ","info"
"LAB\SSUser00209","E0000209","0000209","","","","CN=Parker Manager,OU=ShareSurferLab,DC=lab,DC=contoso,DC=com","CN=Riley Director,OU=ShareSurferLab,DC=lab,DC=contoso,DC=com","CORP.FIN.UNIT081","info"
"LAB\SS-ENT-0209-Readers","","","","","","","","CORP.ENT.SHARE0209.READ","info"
"LAB\SSUser00210","E0000210","0000210","","","","CN=Quinn Manager,OU=ShareSurferLab,DC=lab,DC=contoso,DC=com","CN=Riley Director,OU=ShareSurferLab,DC=lab,DC=contoso,DC=com","CORP.ENG.UNIT091","info"
"LAB\SS-ENT-0210-Readers","","","","","","","","CORP.ENT.SHARE0210.READ","info"
"LAB\SSUser00211","E0000211","0000211","","","","CN=Morgan Manager,OU=ShareSurferLab,DC=lab,DC=contoso,DC=com","CN=Riley Director,OU=ShareSurferLab,DC=lab,DC=contoso,DC=com","CORP.OPS.UNIT101","info"
"LAB\SS-ENT-0211-Readers","","","","","","","","CORP.ENT.SHARE0211.READ","info"
"LAB\SSUser00212","E0000212","0000212","","","","CN=Parker Manager,OU=ShareSurferLab,DC=lab,DC=contoso,DC=com","CN=Riley Director,OU=ShareSurferLab,DC=lab,DC=contoso,DC=com","CORP.HR.UNIT111","info"
"LAB\SS-ENT-0212-Readers","","","","","","","","CORP.ENT.SHARE0212.READ","info"
"LAB\SSUser00213","E0000213","0000213","","","","CN=Quinn Manager,OU=ShareSurferLab,DC=lab,DC=contoso,DC=com","CN=Riley Director,OU=ShareSurferLab,DC=lab,DC=contoso,DC=com","CORP.LEGAL.UNIT121","info"
"LAB\SS-ENT-0213-Readers","","","","","","","","CORP.ENT.SHARE0213.READ","info"
"LAB\SSUser00214","E0000214","0000214","","","","CN=Morgan Manager,OU=ShareSurferLab,DC=lab,DC=contoso,DC=com","CN=Riley Director,OU=ShareSurferLab,DC=lab,DC=contoso,DC=com","CORP.SALES.UNIT131","info"
"LAB\SS-ENT-0214-Readers","","","","","","","","CORP.ENT.SHARE0214.READ","info"
"LAB\SSUser00215","E0000215","0000215","","","","CN=Parker Manager,OU=ShareSurferLab,DC=lab,DC=contoso,DC=com","CN=Riley Director,OU=ShareSurferLab,DC=lab,DC=contoso,DC=com","CORP.MKT.UNIT141","info"
"LAB\SS-ENT-0215-Readers","","","","","","","","CORP.ENT.SHARE0215.READ","info"
"LAB\SSUser00216","E0000216","0000216","","","","CN=Quinn Manager,OU=ShareSurferLab,DC=lab,DC=contoso,DC=com","CN=Riley Director,OU=ShareSurferLab,DC=lab,DC=contoso,DC=com","CORP.RISK.UNIT151","info"
"LAB\SS-ENT-0216-Readers","","","","","","","","CORP.ENT.SHARE0216.READ","info"
"LAB\SSUser00217","E0000217","0000217","","","","CN=Morgan Manager,OU=ShareSurferLab,DC=lab,DC=contoso,DC=com","CN=Riley Director,OU=ShareSurferLab,DC=lab,DC=contoso,DC=com","CORP.FIN.UNIT161","info"
"LAB\SS-ENT-0217-Readers","","","","","","","","CORP.ENT.SHARE0217.READ","info"
"LAB\SSUser00218","E0000218","0000218","","","","CN=Parker Manager,OU=ShareSurferLab,DC=lab,DC=contoso,DC=com","CN=Riley Director,OU=ShareSurferLab,DC=lab,DC=contoso,DC=com","CORP.ENG.UNIT171","info"
"LAB\SS-ENT-0218-Readers","","","","","","","","CORP.ENT.SHARE0218.READ","info"
"LAB\SSUser00219","E0000219","0000219","","","","CN=Quinn Manager,OU=ShareSurferLab,DC=lab,DC=contoso,DC=com","CN=Riley Director,OU=ShareSurferLab,DC=lab,DC=contoso,DC=com","CORP.OPS.UNIT181","info"
"LAB\SS-ENT-0219-Readers","","","","","","","","CORP.ENT.SHARE0219.READ","info"
"LAB\SSUser00220","E0000220","0000220","","","","CN=Morgan Manager,OU=ShareSurferLab,DC=lab,DC=contoso,DC=com","CN=Riley Director,OU=ShareSurferLab,DC=lab,DC=contoso,DC=com","CORP.HR.UNIT191","info"
"LAB\SS-ENT-0220-Readers","","","","","","","","CORP.ENT.SHARE0220.READ","info"
"LAB\SSUser00221","E0000221","0000221","","","","CN=Parker Manager,OU=ShareSurferLab,DC=lab,DC=contoso,DC=com","CN=Riley Director,OU=ShareSurferLab,DC=lab,DC=contoso,DC=com","CORP.LEGAL.UNIT201","info"
"LAB\SS-ENT-0221-Readers","","","","","","","","CORP.ENT.SHARE0221.READ","info"
"LAB\SSUser00222","E0000222","0000222","","","","CN=Quinn Manager,OU=ShareSurferLab,DC=lab,DC=contoso,DC=com","CN=Riley Director,OU=ShareSurferLab,DC=lab,DC=contoso,DC=com","CORP.SALES.UNIT211","info"
"LAB\SS-ENT-0222-Readers","","","","","","","","CORP.ENT.SHARE0222.READ","info"
"LAB\SSUser00223","E0000223","0000223","","","","CN=Morgan Manager,OU=ShareSurferLab,DC=lab,DC=contoso,DC=com","CN=Riley Director,OU=ShareSurferLab,DC=lab,DC=contoso,DC=com","CORP.MKT.UNIT221","info"
"LAB\SS-ENT-0223-Readers","","","","","","","","CORP.ENT.SHARE0223.READ","info"
"LAB\SSUser00224","E0000224","0000224","","","","CN=Parker Manager,OU=ShareSurferLab,DC=lab,DC=contoso,DC=com","CN=Riley Director,OU=ShareSurferLab,DC=lab,DC=contoso,DC=com","CORP.RISK.UNIT231","info"
"LAB\SS-ENT-0224-Readers","","","","","","","","CORP.ENT.SHARE0224.READ","info"
"LAB\SSUser00225","E0000225","0000225","","","","CN=Quinn Manager,OU=ShareSurferLab,DC=lab,DC=contoso,DC=com","CN=Riley Director,OU=ShareSurferLab,DC=lab,DC=contoso,DC=com","CORP.FIN.UNIT241","info"
"LAB\SS-ENT-0225-Readers","","","","","","","","CORP.ENT.SHARE0225.READ","info"
"LAB\SSUser00226","E0000226","0000226","","","","CN=Morgan Manager,OU=ShareSurferLab,DC=lab,DC=contoso,DC=com","CN=Riley Director,OU=ShareSurferLab,DC=lab,DC=contoso,DC=com","CORP.ENG.UNIT001","info"
"LAB\SS-ENT-0226-Readers","","","","","","","","CORP.ENT.SHARE0226.READ","info"
"LAB\SSUser00227","E0000227","0000227","","","","CN=Parker Manager,OU=ShareSurferLab,DC=lab,DC=contoso,DC=com","CN=Riley Director,OU=ShareSurferLab,DC=lab,DC=contoso,DC=com","CORP.OPS.UNIT011","info"
"LAB\SS-ENT-0227-Readers","","","","","","","","CORP.ENT.SHARE0227.READ","info"
"LAB\SSUser00228","E0000228","0000228","","","","CN=Quinn Manager,OU=ShareSurferLab,DC=lab,DC=contoso,DC=com","CN=Riley Director,OU=ShareSurferLab,DC=lab,DC=contoso,DC=com","CORP.HR.UNIT021","info"
"LAB\SS-ENT-0228-Readers","","","","","","","","CORP.ENT.SHARE0228.READ","info"
"LAB\SSUser00229","E0000229","0000229","","","","CN=Morgan Manager,OU=ShareSurferLab,DC=lab,DC=contoso,DC=com","CN=Riley Director,OU=ShareSurferLab,DC=lab,DC=contoso,DC=com","CORP.LEGAL.UNIT031","info"
"LAB\SS-ENT-0229-Readers","","","","","","","","CORP.ENT.SHARE0229.READ","info"
"LAB\SSUser00230","E0000230","0000230","","","","CN=Parker Manager,OU=ShareSurferLab,DC=lab,DC=contoso,DC=com","CN=Riley Director,OU=ShareSurferLab,DC=lab,DC=contoso,DC=com","CORP.SALES.UNIT041","info"
"LAB\SS-ENT-0230-Readers","","","","","","","","CORP.ENT.SHARE0230.READ","info"
"LAB\SSUser00231","E0000231","0000231","","","","CN=Quinn Manager,OU=ShareSurferLab,DC=lab,DC=contoso,DC=com","CN=Riley Director,OU=ShareSurferLab,DC=lab,DC=contoso,DC=com","CORP.MKT.UNIT051","info"
"LAB\SS-ENT-0231-Readers","","","","","","","","CORP.ENT.SHARE0231.READ","info"
"LAB\SSUser00232","E0000232","0000232","","","","CN=Morgan Manager,OU=ShareSurferLab,DC=lab,DC=contoso,DC=com","CN=Riley Director,OU=ShareSurferLab,DC=lab,DC=contoso,DC=com","CORP.RISK.UNIT061","info"
"LAB\SS-ENT-0232-Readers","","","","","","","","CORP.ENT.SHARE0232.READ","info"
"LAB\SSUser00233","E0000233","0000233","","","","CN=Parker Manager,OU=ShareSurferLab,DC=lab,DC=contoso,DC=com","CN=Riley Director,OU=ShareSurferLab,DC=lab,DC=contoso,DC=com","CORP.FIN.UNIT071","info"
"LAB\SS-ENT-0233-Readers","","","","","","","","CORP.ENT.SHARE0233.READ","info"
"LAB\SSUser00234","E0000234","0000234","","","","CN=Quinn Manager,OU=ShareSurferLab,DC=lab,DC=contoso,DC=com","CN=Riley Director,OU=ShareSurferLab,DC=lab,DC=contoso,DC=com","CORP.ENG.UNIT081","info"
"LAB\SS-ENT-0234-Readers","","","","","","","","CORP.ENT.SHARE0234.READ","info"
"LAB\SSUser00235","E0000235","0000235","","","","CN=Morgan Manager,OU=ShareSurferLab,DC=lab,DC=contoso,DC=com","CN=Riley Director,OU=ShareSurferLab,DC=lab,DC=contoso,DC=com","CORP.OPS.UNIT091","info"
"LAB\SS-ENT-0235-Readers","","","","","","","","CORP.ENT.SHARE0235.READ","info"
"LAB\SSUser00236","E0000236","0000236","","","","CN=Parker Manager,OU=ShareSurferLab,DC=lab,DC=contoso,DC=com","CN=Riley Director,OU=ShareSurferLab,DC=lab,DC=contoso,DC=com","CORP.HR.UNIT101","info"
"LAB\SS-ENT-0236-Readers","","","","","","","","CORP.ENT.SHARE0236.READ","info"
"LAB\SSUser00237","E0000237","0000237","","","","CN=Quinn Manager,OU=ShareSurferLab,DC=lab,DC=contoso,DC=com","CN=Riley Director,OU=ShareSurferLab,DC=lab,DC=contoso,DC=com","CORP.LEGAL.UNIT111","info"
"LAB\SS-ENT-0237-Readers","","","","","","","","CORP.ENT.SHARE0237.READ","info"
"LAB\SSUser00238","E0000238","0000238","","","","CN=Morgan Manager,OU=ShareSurferLab,DC=lab,DC=contoso,DC=com","CN=Riley Director,OU=ShareSurferLab,DC=lab,DC=contoso,DC=com","CORP.SALES.UNIT121","info"
"LAB\SS-ENT-0238-Readers","","","","","","","","CORP.ENT.SHARE0238.READ","info"
"LAB\SSUser00239","E0000239","0000239","","","","CN=Parker Manager,OU=ShareSurferLab,DC=lab,DC=contoso,DC=com","CN=Riley Director,OU=ShareSurferLab,DC=lab,DC=contoso,DC=com","CORP.MKT.UNIT131","info"
"LAB\SS-ENT-0239-Readers","","","","","","","","CORP.ENT.SHARE0239.READ","info"
"LAB\SSUser00240","E0000240","0000240","","","","CN=Quinn Manager,OU=ShareSurferLab,DC=lab,DC=contoso,DC=com","CN=Riley Director,OU=ShareSurferLab,DC=lab,DC=contoso,DC=com","CORP.RISK.UNIT141","info"
"LAB\SS-ENT-0240-Readers","","","","","","","","CORP.ENT.SHARE0240.READ","info"
"LAB\SSUser00241","E0000241","0000241","","","","CN=Morgan Manager,OU=ShareSurferLab,DC=lab,DC=contoso,DC=com","CN=Riley Director,OU=ShareSurferLab,DC=lab,DC=contoso,DC=com","CORP.FIN.UNIT151","info"
"LAB\SS-ENT-0241-Readers","","","","","","","","CORP.ENT.SHARE0241.READ","info"
"LAB\SSUser00242","E0000242","0000242","","","","CN=Parker Manager,OU=ShareSurferLab,DC=lab,DC=contoso,DC=com","CN=Riley Director,OU=ShareSurferLab,DC=lab,DC=contoso,DC=com","CORP.ENG.UNIT161","info"
"LAB\SS-ENT-0242-Readers","","","","","","","","CORP.ENT.SHARE0242.READ","info"
"LAB\SSUser00243","E0000243","0000243","","","","CN=Quinn Manager,OU=ShareSurferLab,DC=lab,DC=contoso,DC=com","CN=Riley Director,OU=ShareSurferLab,DC=lab,DC=contoso,DC=com","CORP.OPS.UNIT171","info"
"LAB\SS-ENT-0243-Readers","","","","","","","","CORP.ENT.SHARE0243.READ","info"
"LAB\SSUser00244","E0000244","0000244","","","","CN=Morgan Manager,OU=ShareSurferLab,DC=lab,DC=contoso,DC=com","CN=Riley Director,OU=ShareSurferLab,DC=lab,DC=contoso,DC=com","CORP.HR.UNIT181","info"
"LAB\SS-ENT-0244-Readers","","","","","","","","CORP.ENT.SHARE0244.READ","info"
"LAB\SSUser00245","E0000245","0000245","","","","CN=Parker Manager,OU=ShareSurferLab,DC=lab,DC=contoso,DC=com","CN=Riley Director,OU=ShareSurferLab,DC=lab,DC=contoso,DC=com","CORP.LEGAL.UNIT191","info"
"LAB\SS-ENT-0245-Readers","","","","","","","","CORP.ENT.SHARE0245.READ","info"
"LAB\SSUser00246","E0000246","0000246","","","","CN=Quinn Manager,OU=ShareSurferLab,DC=lab,DC=contoso,DC=com","CN=Riley Director,OU=ShareSurferLab,DC=lab,DC=contoso,DC=com","CORP.SALES.UNIT201","info"
"LAB\SS-ENT-0246-Readers","","","","","","","","CORP.ENT.SHARE0246.READ","info"
"LAB\SSUser00247","E0000247","0000247","","","","CN=Morgan Manager,OU=ShareSurferLab,DC=lab,DC=contoso,DC=com","CN=Riley Director,OU=ShareSurferLab,DC=lab,DC=contoso,DC=com","CORP.MKT.UNIT211","info"
"LAB\SS-ENT-0247-Readers","","","","","","","","CORP.ENT.SHARE0247.READ","info"
"LAB\SSUser00248","E0000248","0000248","","","","CN=Parker Manager,OU=ShareSurferLab,DC=lab,DC=contoso,DC=com","CN=Riley Director,OU=ShareSurferLab,DC=lab,DC=contoso,DC=com","CORP.RISK.UNIT221","info"
"LAB\SS-Finance-Editors","","","","","","","","CORP.FIN.ACCESS.MODIFY","info"
"LAB\Morgan.Manager","M1001","9001","","","","CN=Riley Director,OU=ShareSurferLab,DC=lab,DC=contoso,DC=com","","CORP.FIN","info"
"LAB\SS-ENT-0001-Editors","","","","","","","","CORP.ENT.SHARE0001.MODIFY","info"
"LAB\SS-ENT-0002-Editors","","","","","","","","CORP.ENT.SHARE0002.MODIFY","info"
"LAB\SS-ENT-0003-Editors","","","","","","","","CORP.ENT.SHARE0003.MODIFY","info"
"LAB\SS-ENT-0004-Editors","","","","","","","","CORP.ENT.SHARE0004.MODIFY","info"
"LAB\SS-ENT-0005-Editors","","","","","","","","CORP.ENT.SHARE0005.MODIFY","info"
"LAB\SS-ENT-0006-Editors","","","","","","","","CORP.ENT.SHARE0006.MODIFY","info"
"LAB\SS-ENT-0007-Editors","","","","","","","","CORP.ENT.SHARE0007.MODIFY","info"
"LAB\SS-ENT-0008-Editors","","","","","","","","CORP.ENT.SHARE0008.MODIFY","info"
"LAB\SS-ENT-0009-Editors","","","","","","","","CORP.ENT.SHARE0009.MODIFY","info"
"LAB\SS-ENT-0010-Editors","","","","","","","","CORP.ENT.SHARE0010.MODIFY","info"
"LAB\SS-ENT-0011-Editors","","","","","","","","CORP.ENT.SHARE0011.MODIFY","info"
"LAB\SS-ENT-0012-Editors","","","","","","","","CORP.ENT.SHARE0012.MODIFY","info"
"LAB\SS-ENT-0013-Editors","","","","","","","","CORP.ENT.SHARE0013.MODIFY","info"
"LAB\SS-ENT-0014-Editors","","","","","","","","CORP.ENT.SHARE0014.MODIFY","info"
"LAB\SS-ENT-0015-Editors","","","","","","","","CORP.ENT.SHARE0015.MODIFY","info"
"LAB\SS-ENT-0016-Editors","","","","","","","","CORP.ENT.SHARE0016.MODIFY","info"
"LAB\SS-ENT-0017-Editors","","","","","","","","CORP.ENT.SHARE0017.MODIFY","info"
"LAB\SS-ENT-0018-Editors","","","","","","","","CORP.ENT.SHARE0018.MODIFY","info"
"LAB\SS-ENT-0019-Editors","","","","","","","","CORP.ENT.SHARE0019.MODIFY","info"
"LAB\SS-ENT-0020-Editors","","","","","","","","CORP.ENT.SHARE0020.MODIFY","info"
"LAB\SS-ENT-0021-Editors","","","","","","","","CORP.ENT.SHARE0021.MODIFY","info"
"LAB\SS-ENT-0022-Editors","","","","","","","","CORP.ENT.SHARE0022.MODIFY","info"
"LAB\SS-ENT-0023-Editors","","","","","","","","CORP.ENT.SHARE0023.MODIFY","info"
"LAB\SS-ENT-0024-Editors","","","","","","","","CORP.ENT.SHARE0024.MODIFY","info"
"LAB\SS-ENT-0025-Editors","","","","","","","","CORP.ENT.SHARE0025.MODIFY","info"
"LAB\SS-ENT-0026-Editors","","","","","","","","CORP.ENT.SHARE0026.MODIFY","info"
"LAB\SS-ENT-0027-Editors","","","","","","","","CORP.ENT.SHARE0027.MODIFY","info"
"LAB\SS-ENT-0028-Editors","","","","","","","","CORP.ENT.SHARE0028.MODIFY","info"
"LAB\SS-ENT-0029-Editors","","","","","","","","CORP.ENT.SHARE0029.MODIFY","info"
"LAB\SS-ENT-0030-Editors","","","","","","","","CORP.ENT.SHARE0030.MODIFY","info"
"LAB\SS-ENT-0031-Editors","","","","","","","","CORP.ENT.SHARE0031.MODIFY","info"
"LAB\SS-ENT-0032-Editors","","","","","","","","CORP.ENT.SHARE0032.MODIFY","info"
"LAB\SS-ENT-0033-Editors","","","","","","","","CORP.ENT.SHARE0033.MODIFY","info"
"LAB\SS-ENT-0034-Editors","","","","","","","","CORP.ENT.SHARE0034.MODIFY","info"
"LAB\SS-ENT-0035-Editors","","","","","","","","CORP.ENT.SHARE0035.MODIFY","info"
"LAB\SS-ENT-0036-Editors","","","","","","","","CORP.ENT.SHARE0036.MODIFY","info"
"LAB\SS-ENT-0037-Editors","","","","","","","","CORP.ENT.SHARE0037.MODIFY","info"
"LAB\SS-ENT-0038-Editors","","","","","","","","CORP.ENT.SHARE0038.MODIFY","info"
"LAB\SS-ENT-0039-Editors","","","","","","","","CORP.ENT.SHARE0039.MODIFY","info"
"LAB\SS-ENT-0040-Editors","","","","","","","","CORP.ENT.SHARE0040.MODIFY","info"
"LAB\SS-ENT-0041-Editors","","","","","","","","CORP.ENT.SHARE0041.MODIFY","info"
"LAB\SS-ENT-0042-Editors","","","","","","","","CORP.ENT.SHARE0042.MODIFY","info"
"LAB\SS-ENT-0043-Editors","","","","","","","","CORP.ENT.SHARE0043.MODIFY","info"
"LAB\SS-ENT-0044-Editors","","","","","","","","CORP.ENT.SHARE0044.MODIFY","info"
"LAB\SS-ENT-0045-Editors","","","","","","","","CORP.ENT.SHARE0045.MODIFY","info"
"LAB\SS-ENT-0046-Editors","","","","","","","","CORP.ENT.SHARE0046.MODIFY","info"
"LAB\SS-ENT-0047-Editors","","","","","","","","CORP.ENT.SHARE0047.MODIFY","info"
"LAB\SS-ENT-0048-Editors","","","","","","","","CORP.ENT.SHARE0048.MODIFY","info"
"LAB\SS-ENT-0049-Editors","","","","","","","","CORP.ENT.SHARE0049.MODIFY","info"
"LAB\SS-ENT-0050-Editors","","","","","","","","CORP.ENT.SHARE0050.MODIFY","info"
"LAB\SS-ENT-0051-Editors","","","","","","","","CORP.ENT.SHARE0051.MODIFY","info"
"LAB\SS-ENT-0052-Editors","","","","","","","","CORP.ENT.SHARE0052.MODIFY","info"
"LAB\SS-ENT-0053-Editors","","","","","","","","CORP.ENT.SHARE0053.MODIFY","info"
"LAB\SS-ENT-0054-Editors","","","","","","","","CORP.ENT.SHARE0054.MODIFY","info"
"LAB\SS-ENT-0055-Editors","","","","","","","","CORP.ENT.SHARE0055.MODIFY","info"
"LAB\SS-ENT-0056-Editors","","","","","","","","CORP.ENT.SHARE0056.MODIFY","info"
"LAB\SS-ENT-0057-Editors","","","","","","","","CORP.ENT.SHARE0057.MODIFY","info"
"LAB\SS-ENT-0058-Editors","","","","","","","","CORP.ENT.SHARE0058.MODIFY","info"
"LAB\SS-ENT-0059-Editors","","","","","","","","CORP.ENT.SHARE0059.MODIFY","info"
"LAB\SS-ENT-0060-Editors","","","","","","","","CORP.ENT.SHARE0060.MODIFY","info"
"LAB\SS-ENT-0061-Editors","","","","","","","","CORP.ENT.SHARE0061.MODIFY","info"
"LAB\SS-ENT-0062-Editors","","","","","","","","CORP.ENT.SHARE0062.MODIFY","info"
"LAB\SS-ENT-0063-Editors","","","","","","","","CORP.ENT.SHARE0063.MODIFY","info"
"LAB\SS-ENT-0064-Editors","","","","","","","","CORP.ENT.SHARE0064.MODIFY","info"
"LAB\SS-ENT-0065-Editors","","","","","","","","CORP.ENT.SHARE0065.MODIFY","info"
"LAB\SS-ENT-0066-Editors","","","","","","","","CORP.ENT.SHARE0066.MODIFY","info"
"LAB\SS-ENT-0067-Editors","","","","","","","","CORP.ENT.SHARE0067.MODIFY","info"
"LAB\SS-ENT-0068-Editors","","","","","","","","CORP.ENT.SHARE0068.MODIFY","info"
"LAB\SS-ENT-0069-Editors","","","","","","","","CORP.ENT.SHARE0069.MODIFY","info"
"LAB\SS-ENT-0070-Editors","","","","","","","","CORP.ENT.SHARE0070.MODIFY","info"
"LAB\SS-ENT-0071-Editors","","","","","","","","CORP.ENT.SHARE0071.MODIFY","info"
"LAB\SS-ENT-0072-Editors","","","","","","","","CORP.ENT.SHARE0072.MODIFY","info"
"LAB\SS-ENT-0073-Editors","","","","","","","","CORP.ENT.SHARE0073.MODIFY","info"
"LAB\SS-ENT-0074-Editors","","","","","","","","CORP.ENT.SHARE0074.MODIFY","info"
"LAB\SS-ENT-0075-Editors","","","","","","","","CORP.ENT.SHARE0075.MODIFY","info"
"LAB\SS-ENT-0076-Editors","","","","","","","","CORP.ENT.SHARE0076.MODIFY","info"
"LAB\SS-ENT-0077-Editors","","","","","","","","CORP.ENT.SHARE0077.MODIFY","info"
"LAB\SS-ENT-0078-Editors","","","","","","","","CORP.ENT.SHARE0078.MODIFY","info"
"LAB\SS-ENT-0079-Editors","","","","","","","","CORP.ENT.SHARE0079.MODIFY","info"
"LAB\SS-ENT-0080-Editors","","","","","","","","CORP.ENT.SHARE0080.MODIFY","info"
"LAB\SS-ENT-0081-Editors","","","","","","","","CORP.ENT.SHARE0081.MODIFY","info"
"LAB\SS-ENT-0082-Editors","","","","","","","","CORP.ENT.SHARE0082.MODIFY","info"
"LAB\SS-ENT-0083-Editors","","","","","","","","CORP.ENT.SHARE0083.MODIFY","info"
"LAB\SS-ENT-0084-Editors","","","","","","","","CORP.ENT.SHARE0084.MODIFY","info"
"LAB\SS-ENT-0085-Editors","","","","","","","","CORP.ENT.SHARE0085.MODIFY","info"
"LAB\SS-ENT-0086-Editors","","","","","","","","CORP.ENT.SHARE0086.MODIFY","info"
"LAB\SS-ENT-0087-Editors","","","","","","","","CORP.ENT.SHARE0087.MODIFY","info"
"LAB\SS-ENT-0088-Editors","","","","","","","","CORP.ENT.SHARE0088.MODIFY","info"
"LAB\SS-ENT-0089-Editors","","","","","","","","CORP.ENT.SHARE0089.MODIFY","info"
"LAB\SS-ENT-0090-Editors","","","","","","","","CORP.ENT.SHARE0090.MODIFY","info"
"LAB\SS-ENT-0091-Editors","","","","","","","","CORP.ENT.SHARE0091.MODIFY","info"
"LAB\SS-ENT-0092-Editors","","","","","","","","CORP.ENT.SHARE0092.MODIFY","info"
"LAB\SS-ENT-0093-Editors","","","","","","","","CORP.ENT.SHARE0093.MODIFY","info"
"LAB\SS-ENT-0094-Editors","","","","","","","","CORP.ENT.SHARE0094.MODIFY","info"
"LAB\SS-ENT-0095-Editors","","","","","","","","CORP.ENT.SHARE0095.MODIFY","info"
"LAB\SS-ENT-0096-Editors","","","","","","","","CORP.ENT.SHARE0096.MODIFY","info"
"LAB\SS-ENT-0097-Editors","","","","","","","","CORP.ENT.SHARE0097.MODIFY","info"
"LAB\SS-ENT-0098-Editors","","","","","","","","CORP.ENT.SHARE0098.MODIFY","info"
"LAB\SS-ENT-0099-Editors","","","","","","","","CORP.ENT.SHARE0099.MODIFY","info"
"LAB\SS-ENT-0100-Editors","","","","","","","","CORP.ENT.SHARE0100.MODIFY","info"
"LAB\SS-ENT-0101-Editors","","","","","","","","CORP.ENT.SHARE0101.MODIFY","info"
"LAB\SS-ENT-0102-Editors","","","","","","","","CORP.ENT.SHARE0102.MODIFY","info"
"LAB\SS-ENT-0103-Editors","","","","","","","","CORP.ENT.SHARE0103.MODIFY","info"
"LAB\SS-ENT-0104-Editors","","","","","","","","CORP.ENT.SHARE0104.MODIFY","info"
"LAB\SS-ENT-0105-Editors","","","","","","","","CORP.ENT.SHARE0105.MODIFY","info"
"LAB\SS-ENT-0106-Editors","","","","","","","","CORP.ENT.SHARE0106.MODIFY","info"
"LAB\SS-ENT-0107-Editors","","","","","","","","CORP.ENT.SHARE0107.MODIFY","info"
"LAB\SS-ENT-0108-Editors","","","","","","","","CORP.ENT.SHARE0108.MODIFY","info"
"LAB\SS-ENT-0109-Editors","","","","","","","","CORP.ENT.SHARE0109.MODIFY","info"
"LAB\SS-ENT-0110-Editors","","","","","","","","CORP.ENT.SHARE0110.MODIFY","info"
"LAB\SS-ENT-0111-Editors","","","","","","","","CORP.ENT.SHARE0111.MODIFY","info"
"LAB\SS-ENT-0112-Editors","","","","","","","","CORP.ENT.SHARE0112.MODIFY","info"
"LAB\SS-ENT-0113-Editors","","","","","","","","CORP.ENT.SHARE0113.MODIFY","info"
"LAB\SS-ENT-0114-Editors","","","","","","","","CORP.ENT.SHARE0114.MODIFY","info"
"LAB\SS-ENT-0115-Editors","","","","","","","","CORP.ENT.SHARE0115.MODIFY","info"
"LAB\SS-ENT-0116-Editors","","","","","","","","CORP.ENT.SHARE0116.MODIFY","info"
"LAB\SS-ENT-0117-Editors","","","","","","","","CORP.ENT.SHARE0117.MODIFY","info"
"LAB\SS-ENT-0118-Editors","","","","","","","","CORP.ENT.SHARE0118.MODIFY","info"
"LAB\SS-ENT-0119-Editors","","","","","","","","CORP.ENT.SHARE0119.MODIFY","info"
"LAB\SS-ENT-0120-Editors","","","","","","","","CORP.ENT.SHARE0120.MODIFY","info"
"LAB\SS-ENT-0121-Editors","","","","","","","","CORP.ENT.SHARE0121.MODIFY","info"
"LAB\SS-ENT-0122-Editors","","","","","","","","CORP.ENT.SHARE0122.MODIFY","info"
"LAB\SS-ENT-0123-Editors","","","","","","","","CORP.ENT.SHARE0123.MODIFY","info"
"LAB\SS-ENT-0124-Editors","","","","","","","","CORP.ENT.SHARE0124.MODIFY","info"
"LAB\SS-ENT-0125-Editors","","","","","","","","CORP.ENT.SHARE0125.MODIFY","info"
"LAB\SS-ENT-0126-Editors","","","","","","","","CORP.ENT.SHARE0126.MODIFY","info"
"LAB\SS-ENT-0127-Editors","","","","","","","","CORP.ENT.SHARE0127.MODIFY","info"
"LAB\SS-ENT-0128-Editors","","","","","","","","CORP.ENT.SHARE0128.MODIFY","info"
"LAB\SS-ENT-0129-Editors","","","","","","","","CORP.ENT.SHARE0129.MODIFY","info"
"LAB\SS-ENT-0130-Editors","","","","","","","","CORP.ENT.SHARE0130.MODIFY","info"
"LAB\SS-ENT-0131-Editors","","","","","","","","CORP.ENT.SHARE0131.MODIFY","info"
"LAB\SS-ENT-0132-Editors","","","","","","","","CORP.ENT.SHARE0132.MODIFY","info"
"LAB\SS-ENT-0133-Editors","","","","","","","","CORP.ENT.SHARE0133.MODIFY","info"
"LAB\SS-ENT-0134-Editors","","","","","","","","CORP.ENT.SHARE0134.MODIFY","info"
"LAB\SS-ENT-0135-Editors","","","","","","","","CORP.ENT.SHARE0135.MODIFY","info"
"LAB\SS-ENT-0136-Editors","","","","","","","","CORP.ENT.SHARE0136.MODIFY","info"
"LAB\SS-ENT-0137-Editors","","","","","","","","CORP.ENT.SHARE0137.MODIFY","info"
"LAB\SS-ENT-0138-Editors","","","","","","","","CORP.ENT.SHARE0138.MODIFY","info"
"LAB\SS-ENT-0139-Editors","","","","","","","","CORP.ENT.SHARE0139.MODIFY","info"
"LAB\SS-ENT-0140-Editors","","","","","","","","CORP.ENT.SHARE0140.MODIFY","info"
"LAB\SS-ENT-0141-Editors","","","","","","","","CORP.ENT.SHARE0141.MODIFY","info"
"LAB\SS-ENT-0142-Editors","","","","","","","","CORP.ENT.SHARE0142.MODIFY","info"
"LAB\SS-ENT-0143-Editors","","","","","","","","CORP.ENT.SHARE0143.MODIFY","info"
"LAB\SS-ENT-0144-Editors","","","","","","","","CORP.ENT.SHARE0144.MODIFY","info"
"LAB\SS-ENT-0145-Editors","","","","","","","","CORP.ENT.SHARE0145.MODIFY","info"
"LAB\SS-ENT-0146-Editors","","","","","","","","CORP.ENT.SHARE0146.MODIFY","info"
"LAB\SS-ENT-0147-Editors","","","","","","","","CORP.ENT.SHARE0147.MODIFY","info"
"LAB\SS-ENT-0148-Editors","","","","","","","","CORP.ENT.SHARE0148.MODIFY","info"
"LAB\SS-ENT-0149-Editors","","","","","","","","CORP.ENT.SHARE0149.MODIFY","info"
"LAB\SS-ENT-0150-Editors","","","","","","","","CORP.ENT.SHARE0150.MODIFY","info"
"LAB\SS-ENT-0151-Editors","","","","","","","","CORP.ENT.SHARE0151.MODIFY","info"
"LAB\SS-ENT-0152-Editors","","","","","","","","CORP.ENT.SHARE0152.MODIFY","info"
"LAB\SS-ENT-0153-Editors","","","","","","","","CORP.ENT.SHARE0153.MODIFY","info"
"LAB\SS-ENT-0154-Editors","","","","","","","","CORP.ENT.SHARE0154.MODIFY","info"
"LAB\SS-ENT-0155-Editors","","","","","","","","CORP.ENT.SHARE0155.MODIFY","info"
"LAB\SS-ENT-0156-Editors","","","","","","","","CORP.ENT.SHARE0156.MODIFY","info"
"LAB\SS-ENT-0157-Editors","","","","","","","","CORP.ENT.SHARE0157.MODIFY","info"
"LAB\SS-ENT-0158-Editors","","","","","","","","CORP.ENT.SHARE0158.MODIFY","info"
"LAB\SS-ENT-0159-Editors","","","","","","","","CORP.ENT.SHARE0159.MODIFY","info"
"LAB\SS-ENT-0160-Editors","","","","","","","","CORP.ENT.SHARE0160.MODIFY","info"
"LAB\SS-ENT-0161-Editors","","","","","","","","CORP.ENT.SHARE0161.MODIFY","info"
"LAB\SS-ENT-0162-Editors","","","","","","","","CORP.ENT.SHARE0162.MODIFY","info"
"LAB\SS-ENT-0163-Editors","","","","","","","","CORP.ENT.SHARE0163.MODIFY","info"
"LAB\SS-ENT-0164-Editors","","","","","","","","CORP.ENT.SHARE0164.MODIFY","info"
"LAB\SS-ENT-0165-Editors","","","","","","","","CORP.ENT.SHARE0165.MODIFY","info"
"LAB\SS-ENT-0166-Editors","","","","","","","","CORP.ENT.SHARE0166.MODIFY","info"
"LAB\SS-ENT-0167-Editors","","","","","","","","CORP.ENT.SHARE0167.MODIFY","info"
"LAB\SS-ENT-0168-Editors","","","","","","","","CORP.ENT.SHARE0168.MODIFY","info"
"LAB\SS-ENT-0169-Editors","","","","","","","","CORP.ENT.SHARE0169.MODIFY","info"
"LAB\SS-ENT-0170-Editors","","","","","","","","CORP.ENT.SHARE0170.MODIFY","info"
"LAB\SS-ENT-0171-Editors","","","","","","","","CORP.ENT.SHARE0171.MODIFY","info"
"LAB\SS-ENT-0172-Editors","","","","","","","","CORP.ENT.SHARE0172.MODIFY","info"
"LAB\SS-ENT-0173-Editors","","","","","","","","CORP.ENT.SHARE0173.MODIFY","info"
"LAB\SS-ENT-0174-Editors","","","","","","","","CORP.ENT.SHARE0174.MODIFY","info"
"LAB\SS-ENT-0175-Editors","","","","","","","","CORP.ENT.SHARE0175.MODIFY","info"
"LAB\SS-ENT-0176-Editors","","","","","","","","CORP.ENT.SHARE0176.MODIFY","info"
"LAB\SS-ENT-0177-Editors","","","","","","","","CORP.ENT.SHARE0177.MODIFY","info"
"LAB\SS-ENT-0178-Editors","","","","","","","","CORP.ENT.SHARE0178.MODIFY","info"
"LAB\SS-ENT-0179-Editors","","","","","","","","CORP.ENT.SHARE0179.MODIFY","info"
"LAB\SS-ENT-0180-Editors","","","","","","","","CORP.ENT.SHARE0180.MODIFY","info"
"LAB\SS-ENT-0181-Editors","","","","","","","","CORP.ENT.SHARE0181.MODIFY","info"
"LAB\SS-ENT-0182-Editors","","","","","","","","CORP.ENT.SHARE0182.MODIFY","info"
"LAB\SS-ENT-0183-Editors","","","","","","","","CORP.ENT.SHARE0183.MODIFY","info"
"LAB\SS-ENT-0184-Editors","","","","","","","","CORP.ENT.SHARE0184.MODIFY","info"
"LAB\SS-ENT-0185-Editors","","","","","","","","CORP.ENT.SHARE0185.MODIFY","info"
"LAB\SS-ENT-0186-Editors","","","","","","","","CORP.ENT.SHARE0186.MODIFY","info"
"LAB\SS-ENT-0187-Editors","","","","","","","","CORP.ENT.SHARE0187.MODIFY","info"
"LAB\SS-ENT-0188-Editors","","","","","","","","CORP.ENT.SHARE0188.MODIFY","info"
"LAB\SS-ENT-0189-Editors","","","","","","","","CORP.ENT.SHARE0189.MODIFY","info"
"LAB\SS-ENT-0190-Editors","","","","","","","","CORP.ENT.SHARE0190.MODIFY","info"
"LAB\SS-ENT-0191-Editors","","","","","","","","CORP.ENT.SHARE0191.MODIFY","info"
"LAB\SS-ENT-0192-Editors","","","","","","","","CORP.ENT.SHARE0192.MODIFY","info"
"LAB\SS-ENT-0193-Editors","","","","","","","","CORP.ENT.SHARE0193.MODIFY","info"
"LAB\SS-ENT-0194-Editors","","","","","","","","CORP.ENT.SHARE0194.MODIFY","info"
"LAB\SS-ENT-0195-Editors","","","","","","","","CORP.ENT.SHARE0195.MODIFY","info"
"LAB\SS-ENT-0196-Editors","","","","","","","","CORP.ENT.SHARE0196.MODIFY","info"
"LAB\SS-ENT-0197-Editors","","","","","","","","CORP.ENT.SHARE0197.MODIFY","info"
"LAB\SS-ENT-0198-Editors","","","","","","","","CORP.ENT.SHARE0198.MODIFY","info"
"LAB\SS-ENT-0199-Editors","","","","","","","","CORP.ENT.SHARE0199.MODIFY","info"
"LAB\SS-ENT-0200-Editors","","","","","","","","CORP.ENT.SHARE0200.MODIFY","info"
"LAB\SS-ENT-0201-Editors","","","","","","","","CORP.ENT.SHARE0201.MODIFY","info"
"LAB\SS-ENT-0202-Editors","","","","","","","","CORP.ENT.SHARE0202.MODIFY","info"
"LAB\SS-ENT-0203-Editors","","","","","","","","CORP.ENT.SHARE0203.MODIFY","info"
"LAB\SS-ENT-0204-Editors","","","","","","","","CORP.ENT.SHARE0204.MODIFY","info"
"LAB\SS-ENT-0205-Editors","","","","","","","","CORP.ENT.SHARE0205.MODIFY","info"
"LAB\SS-ENT-0206-Editors","","","","","","","","CORP.ENT.SHARE0206.MODIFY","info"
"LAB\SS-ENT-0207-Editors","","","","","","","","CORP.ENT.SHARE0207.MODIFY","info"
"LAB\SS-ENT-0208-Editors","","","","","","","","CORP.ENT.SHARE0208.MODIFY","info"
"LAB\SS-ENT-0209-Editors","","","","","","","","CORP.ENT.SHARE0209.MODIFY","info"
"LAB\SS-ENT-0210-Editors","","","","","","","","CORP.ENT.SHARE0210.MODIFY","info"
"LAB\SS-ENT-0211-Editors","","","","","","","","CORP.ENT.SHARE0211.MODIFY","info"
"LAB\SS-ENT-0212-Editors","","","","","","","","CORP.ENT.SHARE0212.MODIFY","info"
"LAB\SS-ENT-0213-Editors","","","","","","","","CORP.ENT.SHARE0213.MODIFY","info"
"LAB\SS-ENT-0214-Editors","","","","","","","","CORP.ENT.SHARE0214.MODIFY","info"
"LAB\SS-ENT-0215-Editors","","","","","","","","CORP.ENT.SHARE0215.MODIFY","info"
"LAB\SS-ENT-0216-Editors","","","","","","","","CORP.ENT.SHARE0216.MODIFY","info"
"LAB\SS-ENT-0217-Editors","","","","","","","","CORP.ENT.SHARE0217.MODIFY","info"
"LAB\SS-ENT-0218-Editors","","","","","","","","CORP.ENT.SHARE0218.MODIFY","info"
"LAB\SS-ENT-0219-Editors","","","","","","","","CORP.ENT.SHARE0219.MODIFY","info"
"LAB\SS-ENT-0220-Editors","","","","","","","","CORP.ENT.SHARE0220.MODIFY","info"
"LAB\SS-ENT-0221-Editors","","","","","","","","CORP.ENT.SHARE0221.MODIFY","info"
"LAB\SS-ENT-0222-Editors","","","","","","","","CORP.ENT.SHARE0222.MODIFY","info"
"LAB\SS-ENT-0223-Editors","","","","","","","","CORP.ENT.SHARE0223.MODIFY","info"
"LAB\SS-ENT-0224-Editors","","","","","","","","CORP.ENT.SHARE0224.MODIFY","info"
"LAB\SS-ENT-0225-Editors","","","","","","","","CORP.ENT.SHARE0225.MODIFY","info"
"LAB\SS-ENT-0226-Editors","","","","","","","","CORP.ENT.SHARE0226.MODIFY","info"
"LAB\SS-ENT-0227-Editors","","","","","","","","CORP.ENT.SHARE0227.MODIFY","info"
"LAB\SS-ENT-0228-Editors","","","","","","","","CORP.ENT.SHARE0228.MODIFY","info"
"LAB\SS-ENT-0229-Editors","","","","","","","","CORP.ENT.SHARE0229.MODIFY","info"
"LAB\SS-ENT-0230-Editors","","","","","","","","CORP.ENT.SHARE0230.MODIFY","info"
"LAB\SS-ENT-0231-Editors","","","","","","","","CORP.ENT.SHARE0231.MODIFY","info"
"LAB\SS-ENT-0232-Editors","","","","","","","","CORP.ENT.SHARE0232.MODIFY","info"
"LAB\SS-ENT-0233-Editors","","","","","","","","CORP.ENT.SHARE0233.MODIFY","info"
"LAB\SS-ENT-0234-Editors","","","","","","","","CORP.ENT.SHARE0234.MODIFY","info"
"LAB\SS-ENT-0235-Editors","","","","","","","","CORP.ENT.SHARE0235.MODIFY","info"
"LAB\SS-ENT-0236-Editors","","","","","","","","CORP.ENT.SHARE0236.MODIFY","info"
"LAB\SS-ENT-0237-Editors","","","","","","","","CORP.ENT.SHARE0237.MODIFY","info"
"LAB\SS-ENT-0238-Editors","","","","","","","","CORP.ENT.SHARE0238.MODIFY","info"
"LAB\SS-ENT-0239-Editors","","","","","","","","CORP.ENT.SHARE0239.MODIFY","info"
"LAB\SS-ENT-0240-Editors","","","","","","","","CORP.ENT.SHARE0240.MODIFY","info"
"LAB\SS-ENT-0241-Editors","","","","","","","","CORP.ENT.SHARE0241.MODIFY","info"
"LAB\SS-ENT-0242-Editors","","","","","","","","CORP.ENT.SHARE0242.MODIFY","info"
"LAB\SS-ENT-0243-Editors","","","","","","","","CORP.ENT.SHARE0243.MODIFY","info"
"LAB\SS-ENT-0244-Editors","","","","","","","","CORP.ENT.SHARE0244.MODIFY","info"
"LAB\SS-ENT-0245-Editors","","","","","","","","CORP.ENT.SHARE0245.MODIFY","info"
"LAB\SS-ENT-0246-Editors","","","","","","","","CORP.ENT.SHARE0246.MODIFY","info"
"LAB\SS-ENT-0247-Editors","","","","","","","","CORP.ENT.SHARE0247.MODIFY","info"
